:020000040800F2
:1000000000400220DD400008213F0008293F000891
:1000100000000000000000000000000000000000E0
:10002000000000000000000000000000313F000858
:1000300000000000000000003B3F0008453F0008B2
:100040002D4100082D4100082D4100082D410008D8
:100050002D4100082D4100082D4100082D410008C8
:100060002D4100082D4100082D4100082D410008B8
:100070002D4100082D4100082D4100082D410008A8
:100080002D4100082D4100082D4100082D41000898
:100090002D4100082D4100082D4100082D41000888
:1000A0002D4100082D4100082D4100082D41000878
:0C00B0002D4100082D4100082D410008E2
:1000BC0010B5064C2378002B07D1054B002B02D032
:1000CC00044800E000BF0123237010BDE0060020AF
:1000DC0000000000F4CB0008044B10B5002B03D03B
:1000EC000349044800E000BF10BDC04600000000FA
:1000FC00E4060020F4CB00080023C25C0133002A84
:10010C00FBD1581E7047000002B4714649084900E3
:10011C00095C49008E4402BC7047C04603B471466A
:10012C00490840004900095A49008E4403BC7047F5
:10013C00002243088B4274D303098B425FD3030A1A
:10014C008B4244D3030B8B4228D3030C8B420DD32D
:10015C00FF22090212BA030C8B4202D312120902BB
:10016C0065D0030B8B4219D300E0090AC30B8B42F9
:10017C0001D3CB03C01A5241830B8B4201D38B03A7
:10018C00C01A5241430B8B4201D34B03C01A52414C
:10019C00030B8B4201D30B03C01A5241C30A8B428F
:1001AC0001D3CB02C01A5241830A8B4201D38B027A
:1001BC00C01A5241430A8B4201D34B02C01A52411E
:1001CC00030A8B4201D30B02C01A5241CDD2C30990
:1001DC008B4201D3CB01C01A524183098B4201D30C
:1001EC008B01C01A524143098B4201D34B01C01AF7
:1001FC00524103098B4201D30B01C01A5241C3086F
:10020C008B4201D3CB00C01A524183088B4201D3DD
:10021C008B00C01A524143088B4201D34B00C01AC9
:10022C005241411A00D20146524110467047FFE735
:10023C0001B5002000F0F0F802BDC0460029F7D04F
:10024C0076E7704703460B437FD4002243088B426A
:10025C0074D303098B425FD3030A8B4244D3030B41
:10026C008B4228D3030C8B420DD3FF22090212BA06
:10027C00030C8B4202D31212090265D0030B8B4282
:10028C0019D300E0090AC30B8B4201D3CB03C01A6C
:10029C005241830B8B4201D38B03C01A5241430B47
:1002AC008B4201D34B03C01A5241030B8B4201D337
:1002BC000B03C01A5241C30A8B4201D3CB02C01AA2
:1002CC005241830A8B4201D38B02C01A5241430A1A
:1002DC008B4201D34B02C01A5241030A8B4201D309
:1002EC000B02C01A5241CDD2C3098B4201D3CB01B0
:1002FC00C01A524183098B4201D38B01C01A52415F
:10030C0043098B4201D34B01C01A524103098B4262
:10031C0001D30B01C01A5241C3088B4201D3CB004D
:10032C00C01A524183088B4201D38B00C01A524130
:10033C0043088B4201D34B00C01A5241411A00D2E0
:10034C0001465241104670475DE0CA0F00D0494249
:10035C00031000D34042534000229C4603098B42B9
:10036C002DD3030A8B4212D3FC22890112BA030A41
:10037C008B420CD3890192118B4208D389019211C3
:10038C008B4204D389013AD0921100E08909C30948
:10039C008B4201D3CB01C01A524183098B4201D34A
:1003AC008B01C01A524143098B4201D34B01C01A35
:1003BC00524103098B4201D30B01C01A5241C308AD
:1003CC008B4201D3CB00C01A524183088B4201D31C
:1003DC008B00C01A5241D9D243088B4201D34B0037
:1003EC00C01A5241411A00D20146634652415B1079
:1003FC00104601D34042002B00D54942704763465A
:10040C005B1000D3404201B5002000F005F802BD9E
:10041C000029F8D016E770477047C0468446100094
:10042C0062468C461900634600E0C0461FB502F0D8
:10043C000DF8002801D40021C8421FBD10B501F0F1
:10044C0051FF4042013010BD10B501F0FFFF0028F4
:10045C0001DB002010BD012010BDC04610B501F01D
:10046C00F5FF002801DD002010BD012010BDC046A5
:10047C0010B501F07BFF002801DC002010BD01202D
:10048C0010BDC04610B501F071FF002801DA002044
:10049C0010BD012010BDC046002B11D1002A0FD178
:1004AC00002900D1002802D00021C943080007B45C
:1004BC00024802A14018029003BDC0465DFFFFFF39
:1004CC0003B4684601B5029800F006F8019B9E46FD
:1004DC0002B00CBC7047C046F0B557464E46454678
:1004EC00DE46E0B504000D009246994683B08B427F
:1004FC0030D82DD04946504603F01CF82900060090
:10050C00200003F017F8331A9846203B34D49B464E
:10051C0053465A46934042461F00534693401E0092
:10052C00AF423BD8AF4200D179E05B46A41BBD4142
:10053C00002B00DA76E000220023009201930123C5
:10054C005A4693400193012342469340009329E07D
:10055C008242CFD900220023009201930C9B002BE6
:10056C0001D01C605D600098019903B0F0BCBB46E3
:10057C00B246A946A046F0BD42469B4620239B1A94
:10058C005246DA40414613004A468A40170042461A
:10059C001F43534693401E00AF42C3D90022002391
:1005AC00009201934346002BD8D0FB0772081A43E4
:1005BC0046467B080EE0AB4201D1A2420CD8A41AED
:1005CC009D41012024196D410021013E24184D410B
:1005DC00002E06D0AB42EED9013E24196D41002EFF
:1005EC00F8D1009801995B4600196941002B24DB76
:1005FC002B005A464446D3402A00E2401C005B467E
:10060C001500002B2ADB26009E40330026004746AF
:10061C00BE403200801A9941009001919EE7A3429E
:10062C00BCD882E74246202300219B1A002200916D
:10063C0001920122DA40019285E7424620239B1A5F
:10064C002A0046469A402300F340444613432A00AE
:10065C00E2401C005B461500002BD4DA42462F000A
:10066C002023260097409B1ADE403B003343CDE706
:10067C00F8B54B025A0A94464A00C90FCE46474673
:10068C008946450046022D0E120E80B59909770A4F
:10069C00C40FB609AB1A4C4520D0002B0CDD002A38
:1006AC0034D100292AD05A1E012B00D18FE0FF2B08
:1006BC0000D1CDE013002FE0002B60D0531B002D98
:1006CC0000D0EEE0002E00D13EE15C1E012B00D1EB
:1006DC006BE1FF2B00D1B9E02300E7E0002B00DC3D
:1006EC00A4E0002A69D0FF2D00D1B1E08022D20411
:1006FC0011431B2B00DCE9E02B000536F708FF2B20
:10070C0000D1A5E07A02520AD8B230E0FF2D00D118
:10071C009EE08022D204114301201B2B08DC080030
:10072C002022D840D31A99400B005A1E93411843EB
:10073C00361A730100D471E0B601B709380002F023
:10074C00DBFE3B000538834085424DDDB44E2D1A4F
:10075C001E405A0768D00F221340042B64D0043675
:10076C00730161D5681CFE2D54D1FF200022C005F9
:10077C001043E4072043C0BCB946B046F8BDFE2286
:10078C009046681C0200404610426BD1002D00D0F0
:10079C00DDE0002E00D102E10029B3D08022771ACF
:1007AC00D204174200D136E14C468E1B61D0012099
:1007BC00164230D10023F708A4E700299ED05A1E18
:1007CC00012B00D1CAE0FF2B42D0130091E7711A24
:1007DC004B0100D4D1E08F01BF09380002F08CFE30
:1007EC003B000538834001252022401B0130121AA2
:1007FC001E009340C6405A1E93411E4339D07307C6
:10080C0000D11BE10F2300253340042BA7D101207D
:10081C0072017CD5C0B2B201520AA8E7730703D0AB
:10082C000F233340042B9AD12B0067E7002B23D0E6
:10083C00531B002D7BD1002E00D186E05D1E012BB9
:10084C0000D18BE0FF2B02D02B0075E04C466746A5
:10085C00002F00D189E78022D2033A435202FF20B5
:10086C00520A84E7771A7B016BD4002F00D065E71E
:10087C000024002000227AE7FE226B1C1A4249D188
:10088C00002D00D09FE0002E00D1BAE0002900D14D
:10089C00CFE07218530100D4CDE092010120520A2E
:1008AC0065E7FF2AD2D08020C004064301201B2B11
:1008BC0008DC30002024D840E31A9E4033005C1E34
:1008CC00A34118434C4615000E1A32E708002022AB
:1008DC00D840D31A99400B005A1E93410343F61883
:1008EC0073019BD50135FF2D00D13EE701234D4906
:1008FC00720833400A401A431600530704D00F23E2
:10090C001340042B00D02AE7730100D52AE72B00F3
:10091C00F708F7E6FF2B00D127E7711849084A07BB
:10092C002FD00F220A40042A2BD00E1DE6E6FF2AF8
:10093C008DD08020C00406431B2B24DD13004E1DDC
:10094C00DCE64C468F1BF9E64C460E00D6E6002E34
:10095C0049D1002968D067464C467CE770184301A2
:10096C0074D5304940080140430709D00F23034098
:10097C00042B05D002230E1DC0E60123CF08C1E6CF
:10098C000223CF08BEE620253000D840EB1A9E404B
:10099C0033005D1EAB41034315005E18A0E7002930
:1009AC0000D165E74C466746ACE68F1B7B012ED524
:1009BC00BF01BF09380002F09FFD3B0005388340A2
:1009CC004C46013510E7002E00D140E7002900D13C
:1009DC0041E78023DB039F4200D23CE79C4500D3D8
:1009EC0039E7674637E7002900D134E78023DB037A
:1009FC009F4200D22FE79C4500D32CE74C4667461C
:100A0C0029E7002900D134E70023CF087AE64C46C9
:100A1C000123FF0876E6002F00D129E7FF0871E6D5
:100A2C00FFFFFFFBFFFFFF7D80220024FF20D2038E
:100A3C009DE6002366E60023D70863E601207201D9
:100A4C0000D5E7E631000023CF085BE60123C70899
:100A5C0058E6C046F0B546464F46D6464502C0B5A8
:100A6C00C30F470098460E1C6D0A3F0E5BD0FF2F3C
:100A7C0021D08023ED00DB041D43002399469A46C8
:100A8C007F3F74027300640A1B0EF60F002B20D0FC
:100A9C00FF2B43D080220020E400D20414437F3B80
:100AAC004246FF1A4B4672400F2B00D99DE071490C
:100ABC009B00CB589F46002D5AD108239946063BE4
:100ACC0074029A467300FF27640A1B0EF60F002B64
:100ADC00DED1002C3BD101234246494672401943DA
:100AEC000E2918D86448890041588F465346022B6A
:100AFC0000D1B8E0032B6ED042462C00012B40D124
:100B0C0000200024C0052043D2071043E0BCBA46A5
:100B1C00B146A846F0BDFF200024F3E7002C20D1FD
:100B2C000223FF3FD8E7002D05D104239946033B50
:100B3C0000279A46A5E7280002F0DEFC7627431F23
:100B4C009D4000237F4299469A463F1A99E7200020
:100B5C0002F0D2FC431F9C4076235B421B1A002000
:100B6C009EE703234A461A4391460320FC3397E73A
:100B7C000C239946093BFF279A4682E703282CD081
:100B8C00320038007F30002847DD630704D00F2384
:100B9C002340042B00D00434230103D53800374BF9
:100BAC0080301C40FE28B6DCA401640AC0B2A9E760
:100BBC0080240022FF20E403A4E78023DB031D42F2
:100BCC0001D01C420BD08024E4032C436402424627
:100BDC00FF20640A96E746462C008023DB031C4367
:100BEC0064023200FF20640A8CE76D0160018542CB
:100BFC002DD21B230024013F0126290064006D0027
:100C0C00002901DB854201D32D1A3443013B002B13
:100C1C00F3D16B1E9D412C43B3E701231B1A1B2BF5
:100C2C0000DD6DE721009E37D940BC400B00611EF2
:100C3C008C412343590704D00F211940042900D0BB
:100C4C000433590113D49B0100205C0A5AE71A2380
:100C5C0001242D1AD0E7981E4342584140423200DD
:100C6C000024C0B24EE74246FF2000244AE7012090
:100C7C00002447E744CC000884CC0008FFFFFFF7B2
:100C8C00F0B54F464646D6464400C0B546020F1C4A
:100C9C00760A240EC50F002C00D1DAE0FF2C74D09C
:100CAC008023F600DB041E43002399469A467F3CC2
:100CBC007B025B0A98467B001B0EFF0F002B74D047
:100CCC00FF2B00D18EE042468021D200C904114393
:100CDC007F3B2A00E4184B467A408846D2B20A2B56
:100CEC0075DC4B460020022B0FDD494601238B405F
:100CFC00A621C9000B4269D1902189000B4200D07A
:100D0C0000E18821194200D0F5E041460904090CA4
:100D1C0043460800350C36041B0C360C70436943F3
:100D2C005E435D437618030C9B19994203D98021CD
:100D3C0049028C46654400041904000C09188E0104
:100D4C00701E86411B0C890E5B190E439B011E43C2
:100D5C001B016CD423007F33002B00DCB1E01500A9
:100D6C0071070BD00F2021003040042806D0043628
:100D7C00320103D56E4B1E400B008033FE2B00DD81
:100D8C00BDE0B201520ADBB248E0002E00D092E086
:100D9C0008239946063B9A467B025B0A98467B00E1
:100DAC00FF241B0EFF0F002B8AD14246002A64D170
:100DBC0049460132114389460A2908DC7D4001204D
:100DCC00EAB2022991DC1500002227E015005346F7
:100DDC00022B00D193E0032B1AD0012B2CD1002332
:100DEC0000221BE04346FF34002B55D003214B4619
:100DFC000B4319000A2B00DC92E00F2B00D08CE087
:100E0C008022D203164203D04346134200D17DE028
:100E1C008022D20332435202520AFF23D805ED0737
:100E2C0010432843E0BCBA46B146A846F0BD0123A6
:100E3C00150071081E400E4323008033611C002BEB
:100E4C0041DD720794D00F223240042A00D08EE785
:100E5C008EE7002E05D104239946033B00249A46C5
:100E6C0026E7300002F048FB7624431F9E40002307
:100E7C00644299469A46241A1AE7404602F03CFB13
:100E8C004B46241A763C0A2BA1DC4346053883409A
:100E9C007D409846EAB224E74A46023313432A00BF
:100EAC007A40D2B20A2B92DC49461500002926D092
:100EBC009946022019E70C239946093BFF249A46D0
:100ECC00F6E6150021000122D31A1B2B00DD86E764
:100EDC009E3132008E40DA40731E9E4132435307DE
:100EEC0004D00F231340042B00D00432530110D52F
:100EFC000123002292E73D004646824667E7FF2326
:100F0C0000228BE780220025D20386E73D001A439E
:100F1C0083E792010023520A80E73D00464677E7BB
:100F2C002A0001237A408B400320D2B2E9E6C04666
:100F3C00FFFFFFF7F8B54746CE46430280B55F0A80
:100F4C009B0945004A009C464B02C40FCE0F2D0E48
:100F5C00580A120E9909FF2A6BD001235E40AB1A76
:100F6C00B4424BD0002B00DCFFE0002A00D188E01B
:100F7C00FF2D00D1EFE08022D204114301201B2B66
:100F8C0008DC08002022D840D31A99400B005A1EC6
:100F9C009341184363461B1A9C4663465B0100D47D
:100FAC00CDE063469F01BF09380002F0A5FA3B0073
:100FBC0005388340854200DCA2E0B74A2D1A1A405E
:100FCC0094465A0700D1C3E00F221340042B00D1E2
:100FDC00BEE004239846C44463465B0100D4B7E0EA
:100FEC00681CFE2D00D0A5E0FF200022C005104398
:100FFC00E4072043C0BCB946B046F8BD002B00DC6A
:10100C00EBE1002A46D0FF2D00D1A4E08022D204CF
:10101C0011431B2B00DCFBE0052398462B00C4443A
:10102C006246D708FF2B00D195E07A02520AD8B25B
:10103C00DCE72B00FF3B9946002918D101235E40C9
:10104C00B44200D1CAE04B46002B2DD0002D00D06D
:10105C003CE1FF236446002C00D15FE15D1E012BB7
:10106C0000D174E13400FF2B74D02B0003E1B442A7
:10107C0000D19CE0002B17D0002DEAD007003400E3
:10108C006CE00029CCD05A1E012B2BD0FF2B62D048
:10109C00130073E70029C3D05A1E012B00D11EE1A7
:1010AC00FF2B58D01300B4E7FE226B1C1A420DD153
:1010BC00002D60D06346002B00D020E1002900D029
:1010CC0028E180220024FF20D2038FE763465F1AB9
:1010DC007B0100D5FEE0002F00D065E70024002046
:1010EC00002283E76346591A4B0100D419E18F01A2
:1010FC00BF09380002F000FA3B0005388340012597
:10110C002022401B0130121A19009340C1405A1E74
:10111C00934119438C460B1EE1D05B0700D152E181
:10112C000F2300250B40042B00D052E701204A016D
:10113C0000D492E0C0B263469A01520A56E7634665
:10114C005B0705D00F2362461340042B00D040E709
:10115C002B0065E70700002F00D145E78022D20362
:10116C003A435202FF20520A40E7002B79D1FE226B
:10117C006B1C1A42AAD16346002B00D1F5E0002962
:10118C0000D1D1E05F1A8023DB041F4200D10EE1B5
:10119C00624601248A1A944600203440002A00D169
:1011AC0024E701201A42C6D10023D7083DE7002BC3
:1011BC0017D0002D00D0AFE0FF236546002D00D1E5
:1011CC00ADE05E1E012B00D189E0FF2BC2D01B2E9F
:1011DC0000DCABE04B1D9C46130021E74B46002B7B
:1011EC0070D1FE226B1C1A425ED1002D00D0C3E0E0
:1011FC006346002B00D1D0E0002900D194E00A0016
:10120C006244530100D4D8E092010120520AEDE669
:10121C0008002022D840D31A99400B005A1E934143
:10122C0003439C4463465B0189D50135FF2D00D1F6
:10123C00DAE6624601231949134052080A401A4360
:10124C00130094465B0704D00F231340042B00D0EB
:10125C00BFE663465B0100D5C2E66346DF082B00A0
:10126C00E3E6531B002D00D1F4E680206446C00455
:10127C000443A446340001201B2B09DC20256046C6
:10128C00D840EB1A65469D402B005D1EAB411843C0
:10129C000B1A9C46150080E6FFFFFFFBFFFFFF7D4E
:1012AC00FE226B1C1342A3D0FF2B00D19CE66144A1
:1012BC0049084A0749D00F220A40042A45D00A1D82
:1012CC009446ADE6002D00D176E78DE63400FF2084
:1012DC0000228BE663460124CF1A344064E6614455
:1012EC004B016DD548084449014043072CD00F23CE
:1012FC000340042B28D00B1D9C46022390E60029AA
:10130C0000D12BE78023DB039F4200D226E79842D3
:10131C0000D323E70124344007001FE734008C4638
:10132C007EE60123CF0880E600237EE6202065467A
:10133C00801B854063462800F340451EA8410343AB
:10134C009C4615008C446DE70223CF086DE60F1BFD
:10135C007B0128D5BF01BF09380002F0CDF83B0056
:10136C000538834034000125CAE6002900D1B5E6D2
:10137C0001240700344058E66346002B00D1E9E60F
:10138C00002900D1EAE68023DB039F4200D2E5E688
:10139C00984200D3E2E60700E0E6002900D19EE681
:1013AC000023CF0841E634000123FF083DE6002F5F
:1013BC0000D193E60023FF0837E60023D70834E674
:1013CC000123CF0831E680220B00D2040120134008
:1013DC00114200D0AEE6CF0827E6002B00D15FE724
:1013EC00561B002D01D13300E7E680236046DB0459
:1013FC0018438446EBE6C046FFFFFF7D70B500281E
:10140C0012D0C317C5185D40C40F280002F074F841
:10141C009E231B1A962B0FDC082838D008388540E1
:10142C006D026D0AD8B202E0002400200025C00530
:10143C002843E407204370BD992B14DC421F9540D0
:10144C002A001549114055071CD00F252A40042AA3
:10145C0018D00431CA08490115D59F235202181A15
:10146C00550AC0B2E3E705222900121AD140020046
:10147C001B3295402A00551EAA410A4306491140C9
:10148C005507E2D1CA085202550AD8B2CFE76D020D
:10149C006D0A8E30CBE7C046FFFFFFFB10B5041E74
:1014AC000DD002F029F89E231B1A962B0CDC082871
:1014BC0034D0083884406402640AD8B201E00020B9
:1014CC000024C005204310BD992B13DC421F94400F
:1014DC00144A224061071CD00F212140042918D046
:1014EC000432D408520115D59F236402181A640AD9
:1014FC00C0B2E6E7020021001B3291400A00511EE7
:10150C008A410521091ACC401443064A224061073E
:10151C00E2D1D4086402640AD8B2D2E76402640A45
:10152C008E30CEE7FFFFFFFBF0B54F464646D64662
:10153C00C0B582B0009001910E034C00CD0F710A22
:10154C00009E5F00760F0E43009900920193C90034
:10155C00894619037B0D9846019B490ADB0F9C4673
:10156C00009B009A5B0F0B434146640DD200611A3D
:10157C00654500D1A6E0002972DD4746002F00D159
:10158C00DDE0CC4FBC4200D19AE10127382917DCB1
:10159C0080273F043B431F2900DDDDE12027781A1B
:1015AC001F008740BA461700CF4084463800574684
:1015BC00074360468240CB40501E8241F61A1743C7
:1015CC004B46DF1BB94580414042361A330200D4EA
:1015DC00FFE07602760A002E00D13CE1300001F0EB
:1015EC008BFF0300083B20213800CA1AD0409E40D4
:1015FC0002009F4032439C4200DDA6E1181B0130E3
:10160C00091A3E008F40C6407B1E9F4113008B4041
:10161C0037431F43C2403B0016000024134300D144
:10162C00DFE17B0700D132E30F233A003B40042B70
:10163C0004D03A1DBA42BF417F42F619330200D49E
:10164C0023E39C4B01349C4200D1B4E09A4B6405DB
:10165C001E40640D7707D20876021743360BACE0B8
:10166C00002900D17EE04146091B002C00D060E12E
:10167C0034004846044300D1C9E14C1E012900D175
:10168C002EE28C4DA94200D124E20127382C11DC2A
:10169C0021001F2900DD0BE2202437004846641A84
:1016AC00A740C84007434846A040CE40441EA04136
:1016BC009B1B0743D71BBA42924152426546444694
:1016CC009E1A83E7002900DC9CE04746002F67D177
:1016DC001F00174300D1E4E0481E012900D19BE113
:1016EC00744FB94200D1EBE001270100382811DC1E
:1016FC001F2900DDC7E12027781A1F008446874088
:10170C001000C840074360468240CB40501E8241C7
:10171C00F61817434F444F45804140423618330268
:10172C0057D5644B01349C4245D00121624B7A0859
:10173C001E4039400A43F7071743760871E71F002C
:10174C00174300D1ADE04F1EBC46012900D182E108
:10175C00584FB94200D190E161460127382900DD8C
:10176C002EE718E7554F611C394200D0D0E031000C
:10177C0048461F0001431743002C00D03DE10029CF
:10178C0000D1BCE1002F00D0BFE14B460021D808AE
:10179C0077070743F00806034C05360B640D0CE085
:1017AC00444FBC4200D18BE001273829B2DC8027A2
:1017BC003F043B439CE70026002724053443ED07F8
:1017CC002C433800210002B0E0BCBA46B146A84612
:1017DC00F0BD7B0704D00F233B40042B00D028E73F
:1017EC00F808344B77070743F0089C4200D04AE2D4
:1017FC003B00034359D080263603064336032D4C59
:10180C00360BDAE7002961D04146091B002C00D1C8
:10181C00B9E0284CA04500D1A5E10127382913DCFB
:10182C008024240426431F2900DDC8E1202437002E
:10183C004846641AA740C84007434846A040CE40DB
:10184C00441EA0419B190743BF1897429241524234
:10185C004446D61863E7380001F04EFE03001833F7
:10186C001F2B00DCBFE63A00083882409C4200DDAA
:10187C0083E01B1B581C1F2800DCB4E117001F3B26
:10188C00DF40202805D040231B1A9A40531E9A4152
:10189C0017430024002F0AD07B0700D0C4E6260093
:1018AC009EE74B460C00D8089BE70027014C00260E
:1018BC0083E7C046FF070000FFFF7FFFFE07000025
:1018CC004B467707D8080743F00891E7CD4F611CCA
:1018DC0039426BD1310048460143002C00D04BE11A
:1018EC001F001743002900D181E1002F00D14CE7E4
:1018FC004A444A458041F61840423618330200D516
:10190C00B0E117009146374300D03EE7002654E77C
:10191C004946891A8846C145BF41F11A7F42C91B05
:10192C000F0261D447460F4300D1BDE00E0047467D
:10193C0051E6B54CA04500D100E10127382900DD66
:10194C00B8E6802424042643A3E6B04EE41A1640DD
:10195C007B0700D03FE743E70F001800203FF8401B
:10196C008446202903D04027791A8B401A43531EF2
:10197C009A41634617001F4322E6A448E11A10401F
:10198C004707C00807E734004846044300D1FAE093
:10199C004C1E012900D1D7E09B4FB94200D1E2E0A7
:1019AC000127382C00DD4FE721003CE7964CA14283
:1019BC0000D1DDE04A444A458041F31840421818F2
:1019CC00C707520817434608520705D00F220C00D0
:1019DC003A40042A00D02CE67607FF08374300096A
:1019EC00D9E600270026E8E64946571ABA42924142
:1019FC009E1B52426546B61AEDE5002900D0C6E0A2
:101A0C00002F67D1802600257F4C3603D5E665462E
:101A1C000C001E00D008E4E64A444A458041F31805
:101A2C00404218181100030200D496E0774B490885
:101A3C001840C3070B434408490700D129E10F2282
:101A4C001A40042A00D1EAE01F1D9F42B64176429B
:101A5C0036190224C4E649468F1AB9458041F61A54
:101A6C004042361A330206D47307FF0801211F4384
:101A7C00F00890E665460124ABE54B467707D8089D
:101A8C000743F008B4E60F001800203FF8408446E6
:101A9C00202903D04027791A8B401A43531E9A41B0
:101AAC00634617001F4335E600250024002684E614
:101ABC000C003500203CE540202905D04024611A5B
:101ACC008E404946314389464846411E88410700AD
:101ADC002F43EFE5D2085F0765461743D80887E622
:101AEC00171ABA4292419E1B5242B61A3302C1D403
:101AFC007307FF08654601211F43F0084BE6002FD2
:101B0C007BD065461E0091463FE6811A8846C1454A
:101B1C00A441F11A6442091B80242404214277D089
:101B2C00101A8242924107009E1B5242B61A37434A
:101B3C0000D0A0E06546002400263EE65F07D208F0
:101B4C0065461743D80853E6811891429241F01824
:101B5C0052428018030200D568E74707C9080F43B3
:101B6C00C008012117E6D2085F071743D8083FE6E3
:101B7C000C000026002720E6002956D15F07D2086A
:101B8C001743D80834E60C001E00D00829E6C1081B
:101B9C0070070143F008002F62D0802424032042F8
:101BAC0007D0DE08264204D165463000D1085B0719
:101BBC0019434F0FC900C9087F070F4318E60C00E3
:101BCC003000203CE0408446202905D04024611A96
:101BDC008E404946314389464846411E88416146FC
:101BEC0007000F4330E620210027091A0EE51E00DE
:101BFC00002F00D022E5002458E700250024002601
:101C0C00DBE5C046FE070000FF070000FFFF7FFF7B
:101C1C0047460F4300D147E70E00C146B5E5DF0844
:101C2C006407022127430009B5E51900C0087707AE
:101C3C0007431143F008002900D1D9E5802109039D
:101C4C00084207D0DC080C4204D1D2085B071A43C7
:101C5C00170020007B0FFF00FF085B071F43C7E541
:101C6C000F00C5E5124BD20833405F075B0201241D
:101C7C0017431E0BA1E5264212D00D4B6546020000
:101C8C0001241E40E6E4210085E51700A8E53A0092
:101C9C00D4E4DB0864071C432700022100097AE521
:101CAC00C0087707074365460021F00873E5C04676
:101CBC00FFFF7FFFF0B5DE46454657464E46E0B582
:101CCC0087B0009201930B031B0B9B46CA0F4B0072
:101CDC00040080465B0D029200D198E07C4A93424E
:101CEC0037D05946420FC9000A43802109041143D9
:101CFC00C2009046774A894692469A4400230024B3
:101D0C000393009E019F3B031B0B9B467B00300003
:101D1C005B0DFD0F002B59D06D4A934248D05946AC
:101D2C00720FC9000A438021090411438B4669498B
:101D3C00F2008C4651466344CB1A9A460021029E0F
:101D4C006E40F6B20F2C00D9CEE0634BA4001B59A9
:101D5C009F465A460243914600D090E09A46022391
:101D6C00904608240393CCE7CB464246029D039948
:101D7C00022900D1DEE1032900D18DE0012900D038
:101D8C0079E12E0000220023002490461B052343FA
:101D9C00F60733434046190007B0F0BCBB46B246C9
:101DAC00A946A046F0BD002200249046484BEDE722
:101DBC005A46009B1A43494B9C46E244002A59D18F
:101DCC0002231C43002302219B46B8E75A46009B82
:101DDC001A4349D05B46002B00D19CE1584601F0D8
:101DEC008BFB020003000B3A1D27009EBA1A190048
:101DFC005846D64008398840320002439346009A30
:101E0C008A40374953448A4600219A4497E75B46F7
:101E1C000343994621D05B46002B00D169E158461B
:101E2C0001F06AFB0B235B429C460200844466462D
:101E3C001D239B1B260011005846DE4008398840A4
:101E4C0033000343994623008B409846254B0024CE
:101E5C009B1A9A460023039353E7002398469A460D
:101E6C000133042403934CE701231C430023012179
:101E7C009B4664E70323320003211C435FE79A4629
:101E8C000323D9460C2403933BE700238024984674
:101E9C0000260F4B240379E780245B4624031C4364
:101EAC0024032E0090460A4B240B6FE780244B46EC
:101EBC002403234202D05B462342F0D080244B46BD
:101ECC0024031C432403029E014B240B5EE7C046F3
:101EDC00FF07000001FCFFFFC0CC000801F8FFFF6A
:101EEC00F30300000DFCFFFFCB4500D2F8E000D15E
:101EFC00F3E001235B429C46444648460025E244FD
:101F0C005B46170E1B021F43190C3B041202009771
:101F1C001F0C914602910397FEF790F902007A4349
:101F2C000B04210C804619438A4209D9009F0123D6
:101F3C00BC465B4261449C46E0448F4200D85CE165
:101F4C00881A0299FEF77AF9039A24044243090489
:101F5C00240C03000C43A24206D90099013B8C4689
:101F6C006444A14200D842E1A01A424612041A432A
:101F7C0093464B4659461B0C1F0004930B044946D1
:101F8C000904090C0C001B0C5C43120C7B438846A7
:101F9C0051437A43270CBC465B186344994203D9DE
:101FAC00802149028C466244190C24041B04240C25
:101FBC008A181C19904202D316D1A54214D25B4642
:101FCC00009F013B4D4405934D459B41BC465B42F4
:101FDC006344C018874200D302E1824200D929E150
:101FEC0000D124E1059B9B462C1BA542AD41009BD7
:101FFC00801A6D42401B834200D10FE10299FEF71B
:10200C001DF9039A0B044243210C050019438A4223
:10201C0000D9CBE0881A0299FEF710F9039A240430
:10202C0042430904240C03000C43A24200D9CAE029
:10203C004146A41A2A041A43049F13041B0C594347
:10204C0040467B439C46150C68430B0C844463440C
:10205C007D43984203D98020400284466544180C85
:10206C0009041B04090C40195B18844227D323D0A4
:10207C00012335001A43944B5344002B60DD510768
:10208C0000D086E02E00D1085A46D20106D55A4619
:10209C008E4B1A4080239346DB0053448C4A934268
:1020AC0000DD80E65A4652070A4390465A465B05C5
:1020BC005402240B5B0D69E63500002BDBD0009D30
:1020CC00511EAC466444AC4200D29EE0844200D225
:1020DC00E1E000D1EEE00A00CAE7424500D908E78A
:1020EC004B46DC07580843465B081C434346DD0758
:1020FC0006E701F001FA15239C468444020063466E
:10210C0020321C2B00DC92E62300083883409946D1
:10211C00002398469AE601F0EFF90200030015320D
:10212C0020331C2A00DC5FE600990838814000222D
:10213C008B4666E600222E0000249046654B25E671
:10214C002E000121C91A382900DD1BE61F297EDC6F
:10215C006148140050445B4682408340CC40501E82
:10216C00824123431A435B46CB40510709D00F21D0
:10217C001140042905D0111D9142924152429B18E5
:10218C000A00190200D49BE000220123002490468F
:10219C00FCE50F211140042900D173E7111D914278
:1021AC00924152422E00C90893446DE7009B013DB9
:1021BC009C4661448B4200D92CE78A4200D829E71F
:1021CC00851E614426E70099013B8C466444A1427C
:1021DC0000D92DE7A24200D82AE7831E644427E7E2
:1021EC00874200D0FEE6A94500D9FBE6F5E6A242FF
:1021FC0000D8B9E6831E6444B6E68A4200D89FE64E
:10220C00BC46831E984661449AE60A00844200D07C
:10221C002EE74B4500D02BE735002CE72A4B2F4AF5
:10222C005344924543DB0122002193442CE7AC42FA
:10223C0000D8D7E602235B429C4600994D444D459D
:10224C009B41E3448C465B426344C018CCE61F20A0
:10225C004042C31A5846D840202904D05946204B36
:10226C00534499400A43531E9A41072319000243D1
:10227C0000241140134209D008331340042B1DD005
:10228C00131D934289411A0049424907D2080A4357
:10229C00904600237AE54946009F4D004D45894103
:1022AC00BC4649426144A946023A6418AEE7012291
:1022BC00524246E79945EED30A00AAE70021E5E72A
:1022CC0059075B021C0BE1E7FF030000FFFFFFFE59
:1022DC00FE070000FF0700001E04000002FCFFFFC9
:1022EC003E040000F0B55746DE464E464546E0B586
:1022FC000D000400E80F83460903D80F090B824632
:10230C0019488C461F0369005E00490D3F0B760D82
:10231C00814218D086420FD00120B1420DD1BC456C
:10232C000BD1944209D1D3451CD0002905D160466C
:10233C002043431E984100E00120F0BCBB46B2464E
:10234C00A946A046F0BD01208E42F6D16146394324
:10235C000F0017432743F0D15B465246981A431E91
:10236C009841EAE70020E8E7FF070000F0B5574680
:10237C004E464546DE46E0B50D000E034900490DBC
:10238C008A46DF0FE90FBC4683B02F4F040080460E
:10239C000191580019039146360B090B400DBA45B3
:1023AC001DD0B8420DD05746002F2AD134430028F7
:1023BC0024D10A4336D0002C41D163465800013851
:1023CC0015E0114338D15346002B01D12643F4D0EC
:1023DC00019B634507D1019B5800013807E0264358
:1023EC002AD1504521D00120019B5F42384303B0D4
:1023FC00F0BCBB46B246A946A046F0BD002CDCD0D2
:10240C00E6E70028EFD0019B6345ECD18245EADC7E
:10241C00E1DB8E42E7D8DED1C845E4D80020C845C0
:10242C00E5D2D8E7002CE2D0DDE7114304D1019BC3
:10243C006345D8D10020DAE702204042D7E7019B60
:10244C006345E6D0CFE7C046FF070000F0B557461E
:10245C004E464546DE46E0B50D000E034900490DDB
:10246C008A46DF0FE90FBC4683B02E4F040080462E
:10247C000191580019039146360B090B400DBA45D2
:10248C001ED0B8420DD05746002F27D13443002818
:10249C0033D10A4334D0002C40D163465800013864
:1024AC0015E0114312D15346002B01D12643F4D031
:1024BC00019B63451DD00120019B5F42384306E020
:1024CC00264303D15045F6D111431CD0022003B052
:1024DC00F0BCBB46B246A946A046F0BD0028EAD0E7
:1024EC00019B6345E7D18245E5DC02DB8E42E2D8F5
:1024FC000ED0019B58000138E9E7002CCDD0D7E76E
:10250C00002CE4D0D7E7019B00206345DFD0D2E755
:10251C00C845D0D80020C845D9D2EAE7019B63450D
:10252C00E4D0C8E7FF070000F0B557464E46DE463C
:10253C004546E0B51F000B031B0B16009A46CA0F4D
:10254C004B000400914685B05B0D00D1CFE1CD4A24
:10255C00934255D05146420FC9000A4380210904C9
:10256C001143C2009046C84A8A4693469B440023B6
:10257C00002502933C037B00FA0F0196240B5B0DA4
:10258C00009200D188E1BF4A934200D192E0BE4A4A
:10259C00944663449B440A2D42DCE400730F2343AE
:1025AC008024494624041C43F3000193009B002023
:1025BC005940CBB20393022D00DC94E00123AB40D5
:1025CC001D00A6232A00DB001A401D4200D029E280
:1025DC0090239B001D4200D14DE20023802499469C
:1025EC002403A84B10004A461B052343D207134370
:1025FC00190005B0F0BCBB46B246A946A046F0BDDA
:10260C0052460243904600D0ACE19B4602239246D0
:10261C0008250293AEE7009BA2469946019B98467B
:10262C00029B022B00D1CAE1032B00D192E1012BBA
:10263C0010D1002300240022D4E701227B083A4069
:10264C0013435246D2071343984653465B089A46A7
:10265C00039B99465B46581C8023DB005B44002B94
:10266C0000DCB1E1424652070BD00F2241460A4032
:10267C00042A06D04246111D4145924188465242D9
:10268C0092445246D20106D55246804B1A408023C2
:10269C009246DB00C3187E4A934200DD8FE142462E
:1026AC00D108524652070A4351465B054C02240B93
:1026BC005B0D97E7734B26439C46E344002E00D1F9
:1026CC006FE1032349461D43009B5940CBB2039352
:1026DC000A2D00DD33E10123AB401D0003230293DF
:1026EC0088222A4297D1424643461204120C160005
:1026FC0001981D0C030C0004000C4643B4461E004C
:10270C006E430096160007005E436146B0466F4369
:10271C000E0CB8444644B74205D98021490288467C
:10272C00009F4744009761460904090C370C360496
:10273C008C463100614401911100260C2404240CB8
:10274C0061438C462100694389466146090C8846E1
:10275C0072434A4442447543914503D9802149024E
:10276C0088464544110C884661460904090C8C4680
:10277C0012046244B91802915146090C8C46514618
:10278C000F043F0C390041434544884661464143A0
:10279C008A4641466046090C894658437B4353445C
:1027AC004B449A4503D98021490289464844190C67
:1027BC00894641460904090C8846390061431B04CB
:1027CC004344884661464C4371438C4641467743AB
:1027DC000E0C3F19F6194844B44203D98021490222
:1027EC008946CC440299009F894631044F4489465E
:1027FC004146974292410C04240C4C44FF1852421F
:10280C006419A1189F429B41884682465B429946B7
:10281C0090459241AC42A441C244D14452426442DC
:10282C00144399459B41824592415B42524213436A
:10283C004A46360CA419E31863445B02D20D1A43C2
:10284C00019992467A020A43501E8241FF0D1743AA
:10285C004A4652021743B846DB0100D5EDE60D4B54
:10286C00039A5B449146002B00DCACE03A00520723
:10287C0000D110E70F2258463A40042A00D0F9E65E
:10288C0009E7C046FF07000001FCFFFFFFFFFFFE4A
:10289C00FE070000FF030000220032436FD0002C23
:1028AC0000D1C2E0200000F027FE020003000B3A2A
:1028BC001D20821A30001900D04008398C400200CB
:1028CC00224334008C405946CB1A86498B469B4494
:1028DC000A2D00DDA4E64946009B01945940CBB279
:1028EC00140000200393022D00DD67E6FBE653463F
:1028FC00034398463CD05346002B00D1A3E05046EE
:10290C0000F0FAFD0B235B429C460200844411004C
:10291C005046083988401D23804660461B1A20000B
:10292C00D8400300404603439A4623008B40984608
:10293C006C4B00259B1A9B46002302931AE60F2D25
:10294C0000D0C9E0802352461B031A4202D01C421D
:10295C0000D192E08024534624031C4324034246B6
:10296C00240B3EE69B46032380460C25029301E68E
:10297C0000239A469B46013304250293FAE5012174
:10298C000D430A2D00DD4BE6494600984140C9B283
:10299C000391022D00DC96E000230024012001931A
:1029AC000CE649460223009A2B435140CAB20392CB
:1029BC000A2B00DD34E6002D57D1039B99460024E9
:1029CC000022494B0EE658460121C91A382900DD70
:1029DC002FE61F2956DD1F2254465242D31ADC40E3
:1029EC00202907D0414B42469C46534660448340C5
:1029FC001A43904642460721531E9A410B0022432C
:102A0C0013400024114209D00F231340042B5DD036
:102A1C00111D91429B410A005B425B07D2081A438D
:102A2C000023DFE5039B9946FAE5019800F064FD6D
:102A3C0002000300153220331C2A00DC38E7019A0F
:102A4C00083882403FE700F057FD15239C4684442C
:102A5C000200634620321C2B00DC58E7002398460A
:102A6C002300083883409A4662E71D0000230024A7
:102A7C0002200193A2E5029032E61C43009B019ACE
:102A8C009946AEE51A4B5246C31840469A40C84088
:102A9C000243404698400300581E834154461A4353
:102AAC00CC40530709D00F231340042B05D0131D22
:102ABC00934292415242A4181A00230208D50123D2
:102ACC00002400228EE5894600248BE50023A5E72F
:102ADC0063076402240BA1E7009BA2469946019B65
:102AEC00984637E70DFCFFFFFF0700003E0400008F
:102AFC001E040000F0B557464E464546DE46E0B58E
:102B0C0083B0009001910C034D00CE0F610A009C24
:102B1C005F00640F0C43009900920193C8001903E5
:102B2C007B0D9946019BCC4FDB0F9C464B0A0099C1
:102B3C008046490F1943009B8B46DA0092466D0D77
:102B4C00B94500D1BFE00123614659404B468C4644
:102B5C00EB1A8E4275D0002B00DCA3E2494600290B
:102B6C0000D1CEE0BD4200D100E20127382B19DCA8
:102B7C00802759463F0439438B461F2B00DDFAE171
:102B8C002027F91A8C4659466746B9400F001100A8
:102B9C00D9400F4361468A40511E8A415946D9405B
:102BAC001743641AC71BB84280414042241A2302BF
:102BBC0000D440E16402640A002C00D154E12000EE
:102BCC0000F09AFC0300083B20213800CA1AD040C0
:102BDC009C4002009F4022439D4200DDA6E1581B11
:102BEC000130091A3C008F40C4407B1E9F411300EA
:102BFC008B4027431F43C2403B0014000025134366
:102C0C0000D1F7E17B0700D177E30F2338003B407D
:102C1C00042B04D0381DB842BF417F42E419230273
:102C2C0000D468E38C4B01359D4200D1F4E08B4B12
:102C3C006D051C406D0D6707C00864020743240B2B
:102C4C00ECE0002B00DC29E34946002900D0D6E05B
:102C5C005946114300D12EE1591E012B00D1E6E15A
:102C6C00BB4200D182E101270B00382914DC1F2B59
:102C7C0000DD3CE22027F91A8C4659466746B940DC
:102C8C000F001100D9400F4361468A40511E8A4102
:102C9C005946D940174364183F1887428041404237
:102CAC002418230200D4C6E06B4B01359D4200D1A1
:102CBC00B2E00121694B7A081C4039400A43E7070E
:102CCC00174364089EE7664B11438A46EB180029AC
:102CDC0028D066452CD0002B5BD0002D00D12CE1E8
:102CEC005B4666465F07D2081743DD083B002B4363
:102CFC0000D1E2E0802424032C432403564D240B02
:102D0C008CE05946114300D1D5E0591E012B00D15E
:102D1C00B9E1BB4200D1B1E101270B00382900DD3C
:102D2C0040E72AE76146012779408C466645D2D1B7
:102D3C00002B00D1C5E0002D00D055E14B462500FD
:102D4C00054300D112E2591E8C46012B00D149E2F9
:102D5C00414DAB4200D18FE20127382911DC63468B
:102D6C001F2B00DD5BE26146202327005B1A050068
:102D7C0098409F40CD40431E9841CC402F43074381
:102D8C00A344BF189742924152425A4414004D46F4
:102D9C0087E7344F6B1C3B4200D0B6E0594623000A
:102DAC0011430F000343002D00D026E1002B00D16E
:102DBC00C0E1002900D1A1E0831A98465B4640454A
:102DCC00AD41E31A6D425B1B80252D042B4200D1D3
:102DDC004BE15B46101A824292411C1B07000126F4
:102DEC0063465242A41A27431E40002F00D142E1F1
:102DFC002C4200D16DE2194B01251C401BE7BD4252
:102E0C0000D13BE10127382B00DD45E780275946EF
:102E1C003F0439438B462AE7002400272D05254320
:102E2C00F60735433800290003B0F0BCBB46B24668
:102E3C00A946A046F0BD7B0704D00F233B40042BD2
:102E4C0000D0E7E62B00F808034A67070743E508BC
:102E5C00934200D14AE7A5E0FF070000FFFF7FFF88
:102E6C0001F8FFFFFE070000380000F045FB0300EF
:102E7C0018331F2B00DCA7E63A00083882409D422D
:102E8C0000DD8AE05B1B581C1F2800DCD8E1170012
:102E9C001F3BDF40202805D040231B1A9A40531EAD
:102EAC009A4117430025002F00D1E5E07B0700D0A5
:102EBC00ABE62C00C6E7C008C6E700270024D14DBE
:102ECC00ACE7D14F6B1C3B4271D123000343002D67
:102EDC0000D04EE15746002B00D1B5E1002F0DD0AC
:102EEC008318834280415C4440422418220200D55E
:102EFC00C8E11F009846274300D1BCE04346670752
:102F0C00DB081F43E50800234CE0831A98465B4618
:102F1C004045BF41E31A7F42DB1B1F027CD447466E
:102F2C001F4300D1A6E01C00474645E6B74CED1AFE
:102F3C0014407B0700D080E784E74B46250005430F
:102F4C0066D05F1E012B00D1FCE0AE4DAB4200D130
:102F5C005EE16646382F00DCB4E00120171ABA4255
:102F6C0092415B4652424D469C1A20E66707C008C8
:102F7C000743E508BAE61F005946203FF9400F0009
:102F8C00202B05D04021CB1A594699400A43924632
:102F9C0053465A1E93411F4304E6EB1A9B4D1540B2
:102FAC006F07ED082C035D05240B6D0D36E7954D71
:102FBC00AB4200D1D6E082182100824280415944B4
:102FCC0040420818C707520817434408520700D458
:102FDC0085E10F221D003A40042A00D01AE6FF08B2
:102FEC00640727430509DDE75B46D2085F071743F3
:102FFC00DD087BE60027002410E7002B00D0D6E08C
:10300C00002900D02FE1802400267E4D240305E703
:10301C0066465C46D00817E75B46171ABA429241DF
:10302C001C1B012663465242A41A1E40C4E5831899
:10303C00834280415C44404225182A0200D4DAE0E5
:10304C00724A5B081540EA071A4369085B0700D40B
:10305C004AE10F231340042B00D1FCE0171D9742CB
:10306C00A441644202256418ECE647461C001F4349
:10307C0000D043E7002600250024CFE6C0086707F0
:10308C000743E50832E6871A5B46B8428041E41AEA
:10309C004042241A230228D46307FF081F43E50883
:1030AC0001237FE7002B00D173E64B465F1B3B00EF
:1030BC00002D00D142E7382F00DDECE080230E001C
:1030CC001B041C431F2F25DC20252300ED1B0100B6
:1030DC00A840AB40F940451EA8410B43FC401843A7
:1030EC005B461B1B9B4639E76646012562E51F00C4
:1030FC005946203FF9408C46202B05D04027594695
:10310C00FB1A99400A43924657467B1E9F416346E1
:10311C001F43C1E53B002500203BDD40202F04D0A0
:10312C004023DB1B9C40204380464046431E984175
:10313C00284313E700299DD0012663465C46904640
:10314C001E40DBE6171A5B46BA4292411C1B5242E8
:10315C00A41A2302C8D46307FF081F436646012341
:10316C00E5081FE71D000024002757E65C46D00841
:10317C006AE6002B00D137E75346C00867070743C0
:10318C00E508002B00D1B1E580231B031D4208D0BC
:10319C005946C808184204D1D20849070A431700F7
:1031AC0005007B0FFF00FF085B071F439EE5C0086F
:1031BC0063071843E508002953D080231B031D42E5
:1031CC000AD05946CC081C4206D10126634625007C
:1031DC00D008490708431E40470FC000C0087F07AE
:1031EC00074383E58318934292415C445242A518ED
:1031FC002A0200D524E76F07DB081F43ED080123E3
:10320C00D0E6C046FF070000FE070000FFFF7FFF6F
:10321C005B46D2085F0766461743DD0866E5250066
:10322C00203BDD406346202B05D0402361465B1AD2
:10323C009C402043804647467B1E9F412F43A0E580
:10324C0020210027091AD2E4002F00D113E75C4695
:10325C0017000025F6E5D708490702230F432D096F
:10326C00A0E6070042E55B4601265F07DD086346E2
:10327C00D20817431E4039E55B46D2085F07174357
:10328C00DD0833E51E4ADB082240570752020125B0
:10329C001F43140BC2E50E0001205FE6002B0DD07E
:1032AC004B465B1B9C46002D00D148E50127382B73
:1032BC0000DD66E580231B041C4350E56B1C114D9F
:1032CC002B4200D073E65946230011438A46034330
:1032DC0000E66707C00800230743E50862E66407B9
:1032EC00FF08274305095DE6D208490711430F0083
:1032FC0002232D0956E60700A4E538008FE4C046EA
:10330C00FFFF7FFFFE070000F0B5C6461E03360B1D
:10331C00B0460D4E0C034D005F0000B5240B6D0D37
:10332C007F0DB5420BD0084900208F4204D1464690
:10333C0016433000431E984180BCB846F0BD044390
:10334C000120002CF8D1EEE7FF0700000B00020073
:10335C0070B5164D0C0382B0490000200092019309
:10336C00240B490DDE0FA94204DD1148814203DD17
:10337C00104BF01802B070BD8020400320430E4C5F
:10338C00641A1F2C08DD0D4B5B1AD8400300584201
:10339C00002EEFD11800EDE7094B009A9C46030074
:1033AC0061448B40E2401343F1E7C046FE0300004A
:1033BC001D040000FFFFFF7F330400001304000016
:1033CC00EDFBFFFF70B5002816D0C317C5185D4084
:1033DC00C40F280000F090F8104B1B1A5B055B0D16
:1033EC000A2814DC02002E00153296400B22121A09
:1033FC00D5402D032D0B03E00024002300250026CF
:10340C001B052B43E40723433000190070BD0B3818
:10341C0085402D0300262D0BF2E7C0461E0400004C
:10342C0010B5041E10D000F067F80E4B1B1A5B058C
:10343C005B0D0A280FDC0B222100121AD14015302B
:10344C000A038440120B01E0002300221B051343E6
:10345C002000190010BD22000B38824012030024FA
:10346C00120BF3E71E04000070B542024300C40FB8
:10347C00FE201B0E591C550A08420CD0E021890075
:10348C008C466D07120B63441B051343E40723435F
:10349C002800190070BD002B14D1002D1BD0280062
:1034AC0000F02AF80A281CDC0B232A001B1ADA402D
:1034BC00030015339D400E4B12031B1A5B05120BB8
:1034CC005B0DE1E7002D09D0130B802212031A4388
:1034DC006D07084BD8E700230022D5E70022054BE7
:1034EC00D2E703002A000B3B9A400025E3E7C046D5
:1034FC0089030000FF0700001C2101231B049842D4
:10350C0001D3000C10391B0A984201D3000A083968
:10351C001B09984201D30009043902A2105C40181F
:10352C007047C046040302020101010100000000C3
:10353C000000000010B5002903D1FFF7DDFF20309B
:10354C0002E00800FFF7D8FF10BDC046F0B5ADB0E3
:10355C0006AF00F0E7FD00F0EFF800F0ADFA00F078
:10356C005DFA00F047F900F0ADF9674B1B881800C5
:10357C00FDF794FF031C8C22BA181360634B1B8855
:10358C001800FDF78BFF031C8822BA1813608023E8
:10359C00DB015F480122190001F0CEFE5D4B1800E3
:1035AC0002F094FE5B4B0021180002F041FF8723D0
:1035BC00FB1801221A709623FB1800221A80A023F4
:1035CC00DB050121180001F0D4FE00239022BA186B
:1035DC00136000220023BA67FB6796217B181A88B8
:1035EC007B1801321A807B1819888723FB181A78EC
:1035FC0013009B009B181B01994200D080E0A02374
:10360C00DB050121180001F0B4FEA023DB0502212B
:10361C00180001F0AEFE404B180001F021F93E4BB2
:10362C006421180001F06AF93B4B180001F0FAF91B
:10363C0003001800FDF732FF021C384B1A608C2572
:10364C007B1919688823FB181868FDF773FC031C99
:10365C00191C3348FDF7FEF9031C1C1C2F4B1B686F
:10366C007A191168181CFDF765FC031C191C201C29
:10367C00FDF706FB031C2B49181CFCF7F9FF031C78
:10368C001A1C264B1A607823FA189026BB191B6853
:10369C001100180000F0C6FA204B1B68181CFFF72D
:1036AC00E3FEBA6FFB6F204D3C0004920593BB19EF
:1036BC001B680293009001912A007821200004F0ED
:1036CC00A9FD03008022B8180360BB181B689AB2CE
:1036DC0039001648642303F087FD96217B180022DD
:1036EC001A80BB191B68124A94466344BA191360BA
:1036FC00BB191B680F4A934202D10023BA191360FD
:10370C000A2000F095FD68E7A875FF1FCA75FF1F1A
:10371C000004005060070020FC0600204008002038
:10372C000000C8420000A04110CC0008AC070020EB
:10373C001027000080841E0090B595B000AF1424B3
:10374C003B1918003C231A00002104F0E5FD3B1D39
:10375C00180010231A00002104F0DEFD80239B00CA
:10376C00180001F021FE3B1902221A603B1980223D
:10377C005200DA6021007B1800221A617B1840226B
:10378C005A617B1802221A627B1802225A627B1839
:10379C0000229A627B180822DA627B18802292023D
:1037AC001A637B18802292045A637B18802292053C
:1037BC009A637B18180001F043FE031E01D000F041
:1037CC0085FA3B1D07221A603B1D02225A603B1DE5
:1037DC0000229A603B1D0022DA603B1D022118007A
:1037EC0002F08EF9031E01D000F070FAC046BD46FF
:1037FC0015B090BD80B584B000AF3B1D18000C23F4
:10380C001A00002104F088FD2B4B2C4A1A602A4B1D
:10381C008022D2055A60284B00229A60264B002247
:10382C00DA60254B802212061A61234B04225A615E
:10383C00214B00221A76204B00225A761E4B002276
:10384C009A761D4B0122DA611B4B202201219954DF
:10385C00194B00225A62184B00229A62164B2C22EA
:10386C0000219954144B00221A63134B06225A63FD
:10387C00114B3C22002199540F4B0022DA640E4B61
:10388C00180000F045FE031E01D000F01FFA3B1D8E
:10389C000B4A1A603B1D01225A603A1D064B11005F
:1038AC00180001F0CBF8031E01D000F00FFAC0464F
:1038BC00BD4604B080BDC046FC060020002401407B
:1038CC00001000B080B598B000AF5423FB1818005E
:1038DC000C231A00002104F01FFD3823FB181800DC
:1038EC001C231A00002104F017FD3B1D1800342383
:1038FC001A00002104F010FD464B474A1A60454B54
:10390C00FA2292005A60434B00229A60414B3222B9
:10391C00DA60404B00221A613E4B00225A613D4B4B
:10392C0080229A613B4B180002F02AFD031E01D045
:10393C0000F0CCF954217B1800221A607B1800226D
:10394C005A607B1800229A607A18324B11001800CA
:10395C0003F0E2FA031E01D000F0B8F938217B180D
:10396C0060221A607B1800225A607B1800229A6031
:10397C007B180022DA607B1804221A617B18002263
:10398C005A617B1800229A617918224B0022180088
:10399C0002F03EFE031E01D000F098F93B1D002200
:1039AC001A603B1D00225A603B1D00229A603B1D91
:1039BC000022DA603B1D00221A613B1D802292011D
:1039CC005A613B1D00229A613B1D0022DA613B1DAE
:1039DC0000221A623B1D802292045A623B1D002277
:1039EC009A623B1D0022DA623B1D00221A633A1DCB
:1039FC00084B1100180003F005FB031E01D000F06A
:103A0C0065F9044B180000F0E5F9C046BD4618B046
:103A1C0080BDC04660070020002C014080B500AF7F
:103A2C00234B244A1A60224BE12252025A60204B4B
:103A3C0000229A601E4B0022DA601D4B00221A6194
:103A4C001B4B0C225A611A4B00229A61184B002214
:103A5C00DA61174B00221A62154B00225A62144B82
:103A6C0000229A62124B180003F068FB031E01D06F
:103A7C0000F02CF90E4B0021180004F027FA031E5D
:103A8C0001D000F023F90A4B0021180004F05EFA73
:103A9C00031E01D000F01AF9054B180004F0DCF9F4
:103AAC00031E01D000F012F9C046BD4680BDC046D1
:103ABC00AC0700200038014090B58BB000AF142447
:103ACC003B19180014231A00002104F025FC4B4B61
:103ADC005A6B4A4B01210A435A63484B5B6B0122D8
:103AEC0013403B613B69454B5A6B444B04210A43E1
:103AFC005A63424B5B6B04221340FB60FB683F4BE9
:103B0C005A6B3E4B02210A435A633C4B5B6B0222BD
:103B1C001340BB60BB68394B5A6B384B08210A43C6
:103B2C005A63364B5B6B082213407B607B68A02387
:103B3C00DB0500228321180001F0FEFB8023DB0152
:103B4C002F480022190001F0F7FB80239B002D4821
:103B5C000022190001F0F0FB3B1983221A603B197B
:103B6C0001225A603B1900229A603B190022DA604C
:103B7C003A19A023DB051100180001F071FA21009D
:103B8C007B18802252011A600C003B1900225A60EB
:103B9C003B1900229A603B19194A1900100001F0D8
:103BAC005FFA21007B188022D2011A600C003B19AD
:103BBC0001225A603B1900229A603B190022DA60FC
:103BCC003B190F4A1900100001F04AFA21007B182A
:103BDC00802292001A607B1801225A607B18002206
:103BEC009A607B180022DA607B18064A19001000D4
:103BFC0001F036FAC046BD460BB090BD0010024035
:103C0C0000040050000C005080B582B000AF78600A
:103C1C007B68012213405A425341DBB21800BD4667
:103C2C0002B080BD80B584B000AF786039600022EE
:103C3C000023BA60FB603DE07B681800FFF7E4FFEF
:103C4C00031E1AD07B685B00013B1800FDF7D6FB06
:103C5C00031C191C8120C005FCF7FCFE031C181C5E
:103C6C00FFF702FC02000B00B868F968FEF742FF90
:103C7C0002000B00BA60FB6019E07B685B00013B43
:103C8C001800FDF7BBFB031C191C8120C005FCF7B9
:103C9C00E1FE031C181CFFF7E7FB02000B00B868E1
:103CAC00F968FDF741FC02000B00BA60FB607B6811
:103CBC00013B7B607B68002BBEDC3968BA68FB6813
:103CCC000A604B60C046BD4604B080BD80B500AFF5
:103CDC0072B6C046C046FDE780B582B000AF114B4E
:103CEC001A6C104B01210A431A640E4B1B6C0122F7
:103CFC0013407B607B680B4BDA6B0A4B80214905C8
:103D0C000A43DA63074BDA6B80235B0513403B6095
:103D1C003B68C023DB00180000F0AEFAC046BD467D
:103D2C0002B080BD0010024080B584B000AF786056
:103D3C007B681B680A4A93420DD10A4B1A6C094BDB
:103D4C00802149030A431A64064B1A6C80235B03D7
:103D5C001340FB60FB68C046BD4604B080BDC04646
:103D6C00002401400010024090B597B000AF78607D
:103D7C000C243B1918004C231A00002104F0CCFA37
:103D8C007B681B68114A93421CD13B198022920319
:103D9C001A603B1900229A633B19180002F05AF87A
:103DAC00031E01D0FFF792FF094B1A6C084B8021C0
:103DBC0009010A431A64064B1A6C80231B01134039
:103DCC00BB60BB68C046BD4617B090BD002C01401F
:103DDC000010024090B589B000AF78600C243B19FC
:103DEC00180014231A00002104F096FA7B681B6853
:103DFC00154A934223D1154B5A6B144B01210A439C
:103E0C005A63124B5B6B01221340BB60BB683B19BE
:103E1C00802252001A6021007B1802225A607B1803
:103E2C0000229A607B180022DA607B1802221A6149
:103E3C007A18A023DB051100180001F011F9C04617
:103E4C00BD4609B090BDC046002C01400010024098
:103E5C0090B59DB000AF78605C23FB18180014235C
:103E6C001A00002104F058FA10243B1918004C23B6
:103E7C001A00002104F050FA7B681B68224A934216
:103E8C003DD13B1901221A603B1900225A603B19A3
:103E9C00180001F0DFFF031E01D0FFF717FF1B4BCB
:103EAC001A6C1A4B8021C9010A431A64174B1A6CFD
:103EBC008023DB011340FB60FB68144B5A6B134BE4
:103ECC0004210A435A63114B5B6B04221340BB6001
:103EDC00BB685C217B1830221A607B1802225A6066
:103EEC007B1800229A607B180022DA607B18012272
:103EFC001A617B18064A1900100001F0B1F8C0468F
:103F0C00BD461DB090BDC0460038014000100240B7
:103F1C000008005080B500AFC046FDE780B500AF8B
:103F2C00C046FDE780B500AFC046BD4680BD80B53C
:103F3C0000AFC046BD4680BD80B500AF00F05CF957
:103F4C00C046BD4680BD80B500AF01231800BD46FC
:103F5C0080BD80B582B000AF7860396004F032FA71
:103F6C00030016221A6001235B421800BD4602B002
:103F7C0080BD80B582B000AF786001235A427B6867
:103F8C0011001800FFF7E5FFC046FDE780B586B0CD
:103F9C0000AFF860B9607A6000237B610AE000E052
:103FAC0000BF0100BB685A1CBA60CAB21A707B69A8
:103FBC0001337B617A697B689A42F0DB7B6818007D
:103FCC00BD4606B080BD80B586B000AFF860B96064
:103FDC007A6000237B6109E0BB685A1CBA601B78CD
:103FEC00180000E000BF7B6901337B617A697B6854
:103FFC009A42F1DB7B681800BD4606B080BD80B5E7
:10400C0082B000AF786001235B421800BD4602B05D
:10401C0080BD80B582B000AF786039603B6880228B
:10402C0092015A6000231800BD4602B080BD80B5D5
:10403C0082B000AF786001231800BD4602B080BD8D
:10404C0080B584B000AFF860B9607A6000231800C6
:10405C00BD4604B080BD000080B586B000AF78606E
:10406C00144A154BD31A7B617B693B61134B1B685C
:10407C00002B02D1114B124A1A60104B1A687B6844
:10408C00D3183A699A4207D204F09CF903000C2227
:10409C001A6001235B4209E0084B1B68FB60074B6D
:1040AC001A687B68D218054B1A60FB681800BD466D
:1040BC0006B080BD0040022000040000480800202B
:1040CC00600B002080B500AFC046BD4680BD00002F
:1040DC000D488546FFF7F6FF0C480D490D4A0023A5
:1040EC0002E0D458C4500433C4188C42F9D30A4AA1
:1040FC000A4C002301E013600432A242FBD304F00B
:10410C0067F9FFF723FAFEE70040022000000020C9
:10411C00E006002080D10008E00600205C0B0020A7
:10412C00FEE7000080B582B000AFFB1D00221A70C4
:10413C000B4B1A680A4B802149000A431A60032072
:10414C0000F010F8031E03D0FB1D01221A7001E0D1
:10415C00FFF7C2FDFB1D1B781800BD4602B080BDE9
:10416C000020024090B585B000AF78600F23FB189B
:10417C0000221A701D4B1B78002B2BD01C4B1C687B
:10418C001A4B1B781900FA239800FBF7D1FF030098
:10419C0019002000FBF7CCFF0300180000F053FFC0
:1041AC00031E12D17B68032B0AD8796801235B426A
:1041BC000022180000F032FF0E4B7A681A600DE0F6
:1041CC000F23FB1801221A7008E00F23FB180122A1
:1041DC001A7003E00F23FB1801221A700F23FB182F
:1041EC001B781800BD4605B090BDC04608000020E5
:1041FC00000000200400002080B500AF054B1B78A8
:10420C001A00054B1B68D218034B1A60C046BD46FA
:10421C0080BDC046080000204C08002080B500AFCF
:10422C00024B1B681800BD4680BDC0464C080020E0
:10423C0080B584B000AF7860FFF7F0FF0300BB607F
:10424C007B68FB60FB68013305D00A4B1B781A00B6
:10425C00FB689B18FB60C046FFF7E0FF0200BB68E1
:10426C00D31AFA689A42F7D8C046C046BD4604B085
:10427C0080BDC0460800002080B582B000AF7860D9
:10428C00064B1B68064A13401900044B7A680A4314
:10429C001A60C046BD4602B080BDC0460000014059
:1042AC00FFF9FFFF80B582B000AF786039607B68A2
:1042BC001B68054A1A403B681A437B681A60C04663
:1042CC00BD4602B080BDC046FFFF3FFE80B582B048
:1042DC0000AF78607B681A68E0235B041340180019
:1042EC00BD4602B080BD80B584B000AFF860B96047
:1042FC007A60FB685B69BA6804210A400721914027
:10430C000A00D2431A40BB6804210B4079689940DB
:10431C000B001A43FB685A61C046BD4604B080BD11
:10432C0080B582B000AF786039607B685B693A68B1
:10433C0004210A40072191400A001A403B680421DD
:10434C000B40DA4013001800BD4602B080BD80B5AA
:10435C0082B000AF78607B68DA68C0231B01134021
:10436C0001D1012300E000231800BD4602B080BD3E
:10437C0080B584B000AFF860B9607A60FB689B6A66
:10438C00BA681F210A400F2191400A00D2431A40FB
:10439C007B689B0E0F211940BB681F20034099407E
:1043AC000B001A43FB689A62C046BD4604B080BD40
:1043BC0080B582B000AF786039607B689A6A3B68E0
:1043CC005B035B0B1A437B689A62C046BD4602B026
:1043DC0080BD80B582B000AF786039607B689B6A25
:1043EC003A685203520BD2431A407B689A62C04619
:1043FC00BD4602B080BD000080B584B000AFF8604F
:10440C00B9607A60FB685B69BA681202D2431A40E1
:10441C00BB681B0279680B4004490B401A43FB68CC
:10442C005A61C046BD4604B080BDC04600FFFF07C0
:10443C0080B582B000AF78607B689B68054A1340FA
:10444C00802252051A437B689A60C046BD4602B072
:10445C0080BDC046E8FFFF6F80B582B000AF7860CA
:10446C007B689A6880235B051A4080235B059A421F
:10447C0001D1012300E000231800BD4602B080BD2D
:10448C0080B582B000AF78607B689B68044A1340AB
:10449C0001221A437B689A60C046BD4602B080BDBB
:1044AC00E8FFFF7F80B582B000AF78607B689B68C7
:1044BC0001221340012B01D1012300E0002318003D
:1044CC00BD4602B080BD000080B582B000AF786000
:1044DC007B689B68044A134004221A437B689A60E9
:1044EC00C046BD4602B080BDE8FFFF7F80B582B0FC
:1044FC0000AF78607B689B6804221340042B01D1C9
:10450C00012300E000231800BD4602B080BD00006E
:10451C0080B588B000AF78601F23FB1800221A709A
:10452C000023BB6100237B610023FB607B68002BB5
:10453C0001D101237FE17B689B6D002B0AD17B6845
:10454C001800FFF7F1FB7B680022DA657B685422C8
:10455C00002199547B681B681800FFF77DFF031E30
:10456C0015D17B681B681800FFF762FFB44B1B6802
:10457C00B4491800FBF7DCFD030001335B00FB6062
:10458C0002E0FB68013BFB60FB68002BF9D17B6808
:10459C001B681800FFF760FF031E0FD17B689B6D33
:1045AC0010221A437B689A657B68DB6D01221A43E3
:1045BC007B68DA651F23FB1801221A707B681B6865
:1045CC001800FFF793FF03003B617B689B6D102283
:1045DC00134000D022E13B69002B00D01EE17B6828
:1045EC009B6D994A134002221A437B689A657B683B
:1045FC001B681800FFF756FF031E00D0ADE07B6868
:10460C009A687B681B7E9B031A437B685B7EDB038B
:10461C001A437B689B7E5B031A437B681B6B002BE6
:10462C0002D080235B0100E000231A437B68DB6827
:10463C001A437B681B69002B04DA7B681B695B00DF
:10464C005B0801E080239B031A437B682C215B5C95
:10465C005B001343BA691343BB617B6820229B5CEC
:10466C00012B15D17B689B7E002B05D1BB69802269
:10467C0052021343BB610BE07B689B6D20221A43F3
:10468C007B689A657B68DB6D01221A437B68DA656F
:10469C007B685B6A002B0AD07B685A6AE0235B005C
:1046AC001A407B689B6A1343BA691343BB617B68EE
:1046BC001B68DB68654A134019007B681B68BA6984
:1046CC000A43DA607B685B689B0F9A077B68DB6C3C
:1046DC0013437A6913437B617B683C229B5C012BFF
:1046EC0011D17B685B689B0F9A077B681B6C1A4324
:1046FC007B685B6C1A437B689B6C1A437B69134326
:10470C00012213437B617B681B681B69504A134071
:10471C0019007B681B687A690A431A617B685A68BE
:10472C00C0231B069A4218D07B685A688023DB058D
:10473C009A4212D07B685A6880231B069A420CD08E
:10474C00444B1B68444A134019007B685A68F02399
:10475C009B031A403F4B0A431A607B6818687B68BE
:10476C005B6B1A000021FFF7BEFD7B6818687B6845
:10477C009B6B3A491A00FFF7B6FD7B681B69002B4F
:10478C0009D17B681B689A6A7B681B6810214942B7
:10479C000A439A6218E07B681A6980239B039A4249
:1047AC0012D17B681B689B6A7B68DB69013B9B00B1
:1047BC001C221340102252429A4011007B681A6E40
:1047CC007B681B680A439A627B681B68002118008F
:1047DC00FFF7A6FD02007B685B6B9A420BD17B68EE
:1047EC000022DA657B689B6D0322934301221A43F6
:1047FC007B689A651CE07B689B6D122293431022A8
:10480C001A437B689A657B68DB6D01221A437B68CF
:10481C00DA651F23FB1801221A7009E07B689B6D77
:10482C0010221A437B689A651F23FB1801221A7009
:10483C001F23FB181B781800BD4608B080BDC0466E
:10484C0000000020400D0300FDFEFFFF0102DEFF13
:10485C0002FCFF1F08270140FFFFC3FF04FFFF07F7
:10486C00B0B584B000AF78607B681B681800FFF7A8
:10487C003DFE031E35D17B6854229B5C012B01D17C
:10488C00022335E07B685422012199540F257C19B1
:10489C007B68180000F0AAFA030023707B191B78C0
:1048AC00002B19D17B689B6D134A13408022520058
:1048BC001A437B689A657B680022DA657B681B6803
:1048CC001C221A607B685422002199547B681B6857
:1048DC001800FFF7F9FD08E07B6854220021995479
:1048EC0003E00F23FB1802221A700F23FB181B780E
:1048FC001800BD4604B0B0BDFEF0FFFF80B584B01B
:10490C0000AF786039607B685B69082B02D10823A3
:10491C00FB600FE07B681B68DB680122134007D04B
:10492C007B689B6D20221A437B689A65012372E099
:10493C000423FB60FFF772FC0300BB601FE03B68C5
:10494C0001331CD0FFF76AFC0200BB68D31A3A682B
:10495C009A4202D33B68002B11D17B681B681B6801
:10496C00FA6813400BD17B689B6D04221A437B6859
:10497C009A657B6854220021995403234BE07B6891
:10498C001B681B68FA681340D9D07B689B6D80222A
:10499C0092001A437B689A657B681B681800FFF7C6
:1049AC00D6FC031E2ED07B689B7E002B2AD17B6805
:1049BC001B681B6808221340082B23D17B681B68DB
:1049CC001800FFF793FD031E10D17B681B685A6813
:1049DC007B681B680C218A435A607B689B6D104A6C
:1049EC00134001221A437B689A650BE07B689B6D30
:1049FC0020221A437B689A657B68DB6D01221A437F
:104A0C007B68DA657B681B7E002B03D17B681B6897
:104A1C000C221A6000231800BD4604B080BDC046AD
:104A2C00FEFEFFFF80B582B000AF78607B681B682C
:104A3C001B6C1800BD4602B080BD000080B586B06E
:104A4C0000AF786039601723FB1800221A7000231E
:104A5C00FB607B6854229B5C012B01D10223C0E1DB
:104A6C007B685422012199547B681B681800FFF75E
:104A7C003DFD031E00D0A3E13B685B68022B00D117
:104A8C0043E17B681A6980231B069A4204D07B6839
:104A9C001B69C14A934208D17B681A683B681B6842
:104AAC0019001000FFF784FCC9E07B681A6E3B68A4
:104ABC005B681F210B400F2199400B00DB43134017
:104ACC0019003B681B685B035B0B05D13B681B68DB
:104ADC009B0E1F22134098E03B681B680122134079
:104AEC0000D091E03B681B680222134000D089E0A3
:104AFC003B681B680422134000D081E03B681B68B4
:104B0C000822134000D079E03B681B681022134048
:104B1C0000D071E03B681B682022134000D069E094
:104B2C003B681B684022134000D061E03B681B6867
:104B3C008022134000D059E03B681A6880235B0048
:104B4C00134051D13B681A6880239B00134049D114
:104B5C003B681A688023DB00134041D13B681A681C
:104B6C0080231B01134039D13B681A6880235B01F9
:104B7C00134031D13B681A6880239B01134029D123
:104B8C003B681A688023DB01134021D13B681A680B
:104B9C0080231B02134019D13B681A6880235B02E7
:104BAC00134011D13B681A6880239B02134009D132
:104BBC003B681A688023DB02134001D0122324E0E7
:104BCC00002322E0112320E010231EE00F231CE021
:104BDC000E231AE00D2318E00C2316E00B2314E02F
:104BEC000A2312E0092310E008230EE007230CE04F
:104BFC0006230AE0052308E0042306E0032304E06F
:104C0C00022302E0012300E000233A6852681F20CF
:104C1C00024093400A001A437B681A663B685B6843
:104C2C009B085A1C7B68DB699A4208D87B68186819
:104C3C003B6859683B681B681A00FFF799FB7B6857
:104C4C0018683B6819683B689B681A00FFF7D4FB2F
:104C5C003B681B68002B00DBBCE0504B1800FFF7D7
:104C6C0035FB03003B613B681B684D4A934222D1E4
:104C7C003A6980231B0413401DD13B698022120426
:104C8C001343464A19001000FFF70CFB454B1B68F9
:104C9C0045491800FBF74CFA03005A1C13005B0043
:104CAC009B189B00FB6002E0FB68013BFB60FB6810
:104CBC00002BF9D18EE03B681B683C4A93420ED125
:104CCC003A6980235B04134009D13B69802252046A
:104CDC001343324A19001000FFF7E4FA7AE03B68FC
:104CEC001B68334A934200D074E03A698023DB039B
:104CFC00134000D06EE03B698022D2031343274A55
:104D0C0019001000FFF7CEFA64E07B681A69802363
:104D1C001B069A4204D07B681B691F4A934207D139
:104D2C007B681A683B681B6819001000FFF751FB81
:104D3C003B681B68002B4DDA184B1800FFF7C6FABE
:104D4C0003003B613B681B68154A934208D13B69E1
:104D5C00184A1340114A19001000FFF7A3FA39E062
:104D6C003B681B68114A934208D13B69124A1340B5
:104D7C000A4A19001000FFF795FA2BE03B681B68F4
:104D8C000B4A934226D13B690C4A1340034A190043
:104D9C001000FFF787FA1DE004000080082701408F
:104DAC00001000B000000020400D0300004000B8CF
:104DBC00002000B4FFFF7FFFFFFFFFFEFFFFBFFFE0
:104DCC007B689B6D20221A437B689A651723FB181E
:104DDC0001221A707B685422002199541723FB1866
:104DEC001B781800BD4606B080BDC04680B584B0A7
:104DFC0000AF78600023BB607B681B681800FFF76E
:104E0C0051FB031E00D069E07B681B689B68364A27
:104E1C0013400DD07B689B6D10221A437B689A65FA
:104E2C007B68DB6D01221A437B68DA65012356E04F
:104E3C007B681B681800FFF723FB2C4B1800FFF74F
:104E4C0045FA020080231B0413400FD0284B1B682B
:104E5C0028491800FBF76CF903000133BB6002E032
:104E6C00BB68013BBB60BB68002BF9D17B685B7EE8
:104E7C00012B33D0FFF7D2F90300FB6027E07B68EE
:104E8C001B681800FFF70EFB031E04D17B681B6820
:104E9C001800FFF7F5FAFFF7C1F90200FB68D31A07
:104EAC00022B14D97B681B681B6801221340012B51
:104EBC000DD07B689B6D10221A437B689A657B68CA
:104ECC00DB6D01221A437B68DA65012307E07B68FE
:104EDC001B681B6801221340012BD0D10023180042
:104EEC00BD4604B080BDC0461700008008270140B5
:104EFC0000000020400D030090B583B000AF02000D
:104F0C003960FB1D1A70FB1D1B787F2B28D82F4A8C
:104F1C00FB1D1B785BB29B08C0339B009B58FA1D92
:104F2C001278110003220A40D200FF2191400A009E
:104F3C00D2431A4011003B689B01FF221A40FB1D13
:104F4C001B78180003230340DB009A401F48FB1D0D
:104F5C001B785BB29B080A43C0339B001A5031E0AC
:104F6C001B4AFB1D1B7819000F230B40083B9B08A9
:104F7C0006339B00D31804331B68FA1D12781100FA
:104F8C0003220A40D200FF2191400A00D2431A406A
:104F9C0011003B689B01FF221A40FB1D1B78180077
:104FAC0003230340DB009A400948FB1D1B781C00BF
:104FBC000F232340083B9B080A4306339B00C3186E
:104FCC0004331A60C046BD4603B090BD00E100E05A
:104FDC0000ED00E080B582B000AF78607B685A1EAF
:104FEC0080235B049A4201D3012310E00A4B7A68B8
:104FFC00013A5A6001235B4203211800FFF77CFF42
:10500C00054B00229A60044B07221A6000231800FB
:10501C00BD4602B080BDC04610E000E080B584B053
:10502C0000AFB9607A600F217B18021C1A70BA6845
:10503C007B181B785BB211001800FFF75DFFC046B0
:10504C00BD4604B080BD80B582B000AF78607B688F
:10505C001800FFF7BFFF03001800BD4602B080BD6B
:10506C0080B586B000AF7860396000237B614DE17C
:10507C003B681B6801217A6991400A001340FB6070
:10508C00FB68002B00D13EE13B685B6803221340B8
:10509C00012B05D03B685B6803221340022B30D1F7
:1050AC007B689B683B617B695B0003229A40130021
:1050BC00DA433B6913403B613B68DA687B695B0010
:1050CC009A4013003A6913433B617B683A699A60D2
:1050DC007B685B683B6101227B699A401300DA4371
:1050EC003B6913403B613B685B681B0901221A401A
:1050FC007B699A4013003A6913433B617B683A69B8
:10510C005A603B685B6803221340032B17D07B6803
:10511C00DB683B617B695B0003229A401300DA4336
:10512C003B6913403B613B689A687B695B009A4022
:10513C0013003A6913433B617B683A69DA603B6858
:10514C005B6803221340022B23D17B69DA087B684E
:10515C0008329200D3583B617B69072213409B00B5
:10516C000F229A401300DA433B6913403B613B68C2
:10517C001A697B6907210B409B009A4013003A691E
:10518C0013433B617B69DA087B680832920039690A
:10519C00D1507B681B683B617B695B0003229A40A2
:1051AC001300DA433B6913403B613B685B680322A5
:1051BC001A407B695B009A4013003A6913433B61C8
:1051CC007B683A691A603B685A68C0239B0213409B
:1051DC0000D198E0534A7B699B0818339B009B587D
:1051EC003B617B6903221340DB000F229A401300C2
:1051FC00DA433B6913403B617A68A023DB059A4292
:10520C0019D07B68484A934213D07B68474A934233
:10521C000DD07B68464A934207D07B68454A93423F
:10522C0001D1042308E0052306E0032304E0022354
:10523C0002E0012300E000237A6903210A40D20036
:10524C0093403A6913433B6136497B699B08183399
:10525C009B003A695A50334B1B683B61FB68DA433D
:10526C003B6913403B613B685A6880235B031340E6
:10527C0003D03A69FB6813433B612A4B3A691A60C5
:10528C00284B5B683B61FB68DA433B6913403B612D
:10529C003B685A6880239B03134003D03A69FB6830
:1052AC0013433B611F4B3A695A601E4A8423D358FF
:1052BC003B61FB68DA433B6913403B613B685A68CE
:1052CC0080239B02134003D03A69FB6813433B6174
:1052DC00144984223B698B50124A8023D3583B617A
:1052EC00FB68DA433B6913403B613B685A68802397
:1052FC005B02134003D03A69FB6813433B610949D5
:10530C0080223B698B507B6901337B613B681A6857
:10531C007B69DA40131E00D0AAE6C046C046BD46E3
:10532C0006B080BD00180240000400500008005078
:10533C00000C00500010005080B582B000AF7860B7
:10534C0008001100BB1C021C1A807B1C0A1C1A7062
:10535C007B1C1B78002B04D0BB1C1A887B689A61C1
:10536C0003E0BB1C1A887B689A62C046BD4602B03B
:10537C0080BD80B584B000AF78600A00BB1C1A8079
:10538C007B685B69FB60BB1C1B88FA6813401A04C2
:10539C00FB68DB43B91C09880B401A437B689A6194
:1053AC00C046BD4604B080BD80B584B000AF786007
:1053BC00194B1B68194A13401900174B7A680A439A
:1053CC001A607A6880239B009A421FD1144B1A688A
:1053DC0013005B009B185B0012491800FAF7A8FE3B
:1053EC0003000133FB6008E0FB68002B03D0FB6873
:1053FC00013BFB6001E0032309E0074B5A69802362
:10540C00DB001A408023DB009A42EDD00023180009
:10541C00BD4604B080BDC04600700040FFF9FFFFE0
:10542C000000002040420F0080B500AF034B9A688B
:10543C00E023DB0113401800BD4680BD0010024084
:10544C0080B588B000AF78607B68002B02D1012357
:10545C0000F050FB7B681B680122134000D17CE0FC
:10546C00C34B9B6838221340BB61C14BDB680322E2
:10547C0013407B61BB69102B02D17B69032B02D0DB
:10548C00BB69082B0BD1BA4B1A6880239B021340C3
:10549C0062D07B685B68002B5ED101232AE37B68BA
:1054AC005A6880235B029A4207D1B14B1A68B04B01
:1054BC00802149020A431A6020E07B685A68A023C5
:1054CC00DB029A420ED1AA4B1A68A94B8021C90261
:1054DC000A431A60A64B1A68A54B802149020A435D
:1054EC001A600BE0A24B1A68A14BA2490A401A6041
:1054FC009F4B1A689E4BA0490A401A607B685B68F8
:10550C00002B14D0FEF78AFE03003B6108E0FEF787
:10551C0085FE02003B69D31A642B01D90323E9E20F
:10552C00934B1A6880239B021340F0D015E0FEF7D2
:10553C0075FE03003B6108E0FEF770FE02003B695C
:10554C00D31A642B01D90323D4E2894B1A68802324
:10555C009B021340F0D100E0C0467B681B6802221E
:10556C00134000D199E0824B9B6838221340BB61F9
:10557C007F4BDB68032213407B61BB69102B02D18C
:10558C007B69022B02D0BB69002B35D1784B1A6892
:10559C008023DB00134005D07B68DB68002B01D136
:1055AC000123A7E2724B5B68744A134019007B68B5
:1055BC005B691A026E4B0A435A60BB69002B12D10D
:1055CC006B4B1B686E4A134019007B681A69684B59
:1055DC000A431A60664B1B68DB0A07221340694AB0
:1055EC00DA40694B1A60694B1B681800FEF7BAFD6C
:1055FC00031E51D001237DE27B68DB68002B30D089
:10560C005B4B1B685E4A134019007B681A69584B48
:10561C000A431A60564B1A68554B802149000A43BD
:10562C001A60FEF7FBFD03003B6108E0FEF7F6FD98
:10563C0002003B69D31A022B01D903235AE24C4BCB
:10564C001A688023DB001340F0D0494B5B684B4A4F
:10565C00134019007B685B691A02454B0A435A6078
:10566C001BE0434B1A68424B49490A401A60FEF74B
:10567C00D5FD03003B6108E0FEF7D0FD02003B695D
:10568C00D31A022B01D9032334E2394B1A68802335
:10569C00DB001340F0D100E0C0467B681B68082299
:1056AC00134047D0324B9B6838221340182B0AD139
:1056BC002F4B1B6E022213403CD07B689B69002B46
:1056CC0038D1012316E27B689B69002B19D0284B3B
:1056DC001A6E274B01210A431A66FEF79FFD030041
:1056EC003B6108E0FEF79AFD02003B69D31A022BDE
:1056FC0001D90323FEE11E4B1B6E02221340F1D095
:10570C0018E01B4B1A6E1A4B01218A431A66FEF7DE
:10571C0085FD03003B6108E0FEF780FD02003B695C
:10572C00D31A022B01D90323E4E1114B1B6E022285
:10573C001340F1D17B681B680422134000D1C7E0F1
:10574C001F23FB1800221A70094B9B683822134048
:10575C00202B1FD1064BDB6D0222134000D1B7E08A
:10576C007B689B68002B00D0B2E00123C2E1C046ED
:10577C0000100240FFFFFEFFFFFFFBFFFF80FFFF5B
:10578C00FFC7FFFF0024F4000000002004000020ED
:10579C00FFFEFFFFB54BDA6B80235B05134001D195
:1057AC00012300E00023002B11D0B04BDA6BAF4B80
:1057BC00802149050A43DA63AC4BDA6B80235B0525
:1057CC001340FB60FB681F23FB1801221A70A84BC7
:1057DC001A6880235B0013401AD1A54B1A68A44B9E
:1057EC00802149000A431A60FEF718FD03003B6153
:1057FC0008E0FEF713FD02003B69D31A022B01D916
:10580C00032377E19A4B1A6880235B001340F0D096
:10581C007B689B68012B06D1944BDA6D934B01216D
:10582C000A43DA651CE07B689B68052B0CD18F4B17
:10583C00DA6D8E4B04210A43DA658C4BDA6D8B4B97
:10584C0001210A43DA650BE0884BDA6D874B0121A5
:10585C008A43DA65854BDA6D844B04218A43DA6519
:10586C007B689B68002B14D0FEF7D8FC03003B61CF
:10587C0009E0FEF7D3FC02003B69D31A7D4A934240
:10588C0001D9032336E1794BDB6D02221340F0D0B2
:10589C0013E0FEF7C3FC03003B6109E0FEF7BEFC1E
:1058AC0002003B69D31A734A934201D9032321E1C5
:1058BC006E4BDB6D02221340F0D11F23FB181B78BB
:1058CC00012B05D1694BDA6B684B6B490A40DA63E3
:1058DC007B681B682022134039D07B68DB69002B66
:1058EC001BD0624B1A68614B8021C9030A431A60B2
:1058FC00FEF794FC03003B6108E0FEF78FFC02000E
:10590C003B69D31A022B01D90323F3E0574B1A68D6
:10591C0080231B041340F0D019E0544B1A68534BEE
:10592C0056490A401A60FEF779FC03003B6108E017
:10593C00FEF774FC02003B69D31A022B01D9032336
:10594C00D8E04A4B1A6880231B041340F0D17B68C3
:10595C001B6A002B00D1CCE0444B9B6838221340CF
:10596C00102B00D17BE07B681B6A022B56D13F4B7E
:10597C001A683E4B42490A401A60FEF74FFC03007E
:10598C003B6108E0FEF74AFC02003B69D31A022B8C
:10599C0001D90323AEE0354B1A6880239B041340D6
:1059AC00F0D1324BDB68374A134019007B685A6AD6
:1059BC007B689B6A1A437B68DB6A1B021A437B6811
:1059CC001B6B1A437B685B6B1A437B689B6B1A439C
:1059DC00264B0A43DA60254B1A68244B8021490474
:1059EC000A431A60214BDA68204B802149050A438F
:1059FC00DA60FEF713FC03003B6108E0FEF70EFCD7
:105A0C0002003B69D31A022B01D9032372E0174B16
:105A1C001A6880239B041340F0D06AE0134B1A6879
:105A2C00124B17490A401A60FEF7F8FB03003B6162
:105A3C0008E0FEF7F3FB02003B69D31A022B01D9F5
:105A4C00032357E0094B1A6880239B041340F0D1C1
:105A5C00064BDA68054B0C490A40DA6049E07B6872
:105A6C001B6A012B12D1012344E0C04600100240F6
:105A7C000070004088130000FFFFFFEFFFFFBFFF27
:105A8C00FFFFFFFE8C80C111FCFFFEEE1B4BDB68A1
:105A9C007B617B6903221A407B685B6A9A4226D140
:105AAC007B6970221A407B689B6A9A421FD17A6983
:105ABC00FE23DB011A407B68DB6A1B029A4216D17B
:105ACC007A69F8239B031A407B681B6B9A420ED1B0
:105ADC007A69E0231B051A407B685B6B9A4206D1FE
:105AEC007B695B0F5A077B689B6B9A4201D0012341
:105AFC0000E000231800BD4608B080BD0010024035
:105B0C0080B584B000AF786039607B68002B01D120
:105B1C000123E9E0764B1B68072213403A689A424E
:105B2C001ED9734B1B68072293431900704B3A68BC
:105B3C000A431A60FEF772FB0300FB6009E0FEF7F4
:105B4C006DFB0200FB68D31A6A4A934201D9032306
:105B5C00CAE0674B1B68072213403A689A42EED1A1
:105B6C007B681B680222134015D07B681B680422DB
:105B7C00134006D0604B9A685F4BE021C9010A4381
:105B8C009A605D4B9B685D4A134019007B689A686C
:105B9C00594B0A439A607B681B680122134057D00B
:105BAC007B685B68012B07D1534B1A6880239B02DF
:105BBC0013402BD1012397E07B685B68022B07D144
:105BCC004D4B1A6880239B0413401FD101238BE09B
:105BDC007B685B68002B07D1474B1A688023DB007E
:105BEC00134013D101237FE07B685B68032B06D144
:105BFC00414B1B6E0222134008D1012374E03E4B33
:105C0C00DB6D0222134001D101236DE03A4B9B68FE
:105C1C000722934319007B685A68374B0A439A60F2
:105C2C00FEF7FCFA0300FB6009E0FEF7F7FA02004E
:105C3C00FB68D31A2F4A934201D9032354E02E4B0D
:105C4C009B6838221A407B685B68DB009A42ECD177
:105C5C00274B1B68072213403A689A421ED2244BEA
:105C6C001B68072293431900214B3A680A431A60B8
:105C7C00FEF7D4FA0300FB6009E0FEF7CFFA02004E
:105C8C00FB68D31A1B4A934201D903232CE0184B0F
:105C9C001B68072213403A689A42EED17B681B6856
:105CAC000422134009D0144B9B68154A1340190069
:105CBC007B68DA68104B0A439A6000F029F80100FF
:105CCC000D4B9B681B0A0F221A400E4B9200D358A7
:105CDC001F2213400A00DA400B4B1A600B4B1B6857
:105CEC001800FEF73FFA03001800BD4604B080BD53
:105CFC00002002408813000000100240FFF0FFFF5C
:105D0C00FF8FFFFF00CD00080000002004000020E2
:105D1C0080B586B000AF3C4B9B68382213400FD146
:105D2C00394B1B68DB0A0722134001229A401300EF
:105D3C003B6039683548FAF7FBF903003B615DE0DD
:105D4C00314B9B6838221340082B02D1304B3B61FE
:105D5C0054E02D4B9B6838221340102B38D12A4B22
:105D6C00DB6803221340FB60274BDB681B0907220F
:105D7C0013400133BB60FB68032B0DD1B968244879
:105D8C00FAF7D6F9030019001F4BDB681B0A7F22B8
:105D9C0013404B437B610DE0B9681C48FAF7C8F916
:105DAC0003001900184BDB681B0A7F2213404B437E
:105DBC007B61C046144BDB685B0F07221340013339
:105DCC007B6079687869FAF7B3F903003B6115E0F9
:105DDC000D4B9B6838221340202B03D180231B02D0
:105DEC003B610BE0084B9B6838221340182B03D106
:105DFC00FA23DB013B6101E000233B613B691800A6
:105E0C00BD4606B080BDC046001002400024F40020
:105E1C0000127A0080B500AF024B1B681800BD461B
:105E2C0080BDC04600000020B0B500AFFFF7F2FF08
:105E3C000400FFF7F9FA03001A0B054B9200D35834
:105E4C001F221340DC4023001800BD46B0BDC046E5
:105E5C0040CD000880B586B000AF78601323FB18E6
:105E6C0000221A701223FB1800221A707B681A6821
:105E7C0080239B02134000D1ADE011203B1800227F
:105E8C001A70474BDA6B80235B05134010D1444BDF
:105E9C00DA6B434B802149050A43DA63404BDA6BDA
:105EAC0080235B051340BB60BB683B1801221A7052
:105EBC003C4B1A683B4B802149000A431A60FEF7A1
:105ECC00ADF90300FB600BE0FEF7A8F90200FB68DC
:105EDC00D31A022B04D91323FB1803221A7005E0E2
:105EEC00304B1A6880235B001340EDD01323FB1852
:105EFC001B78002B5ED12A4BDA6DC0239B0013401C
:105F0C007B617B69002B19D07B681B6C7A699A4288
:105F1C0014D0234BDB6D244A13407B61204BDA6D8C
:105F2C001F4B802149020A43DA651D4BDA6D1C4B6D
:105F3C001E490A40DA651A4B7A69DA657B690122D7
:105F4C00134016D0FEF76AF90300FB600CE0FEF775
:105F5C0065F90200FB68D31A154A934204D913233E
:105F6C00FB1803221A7004E00D4BDB6D0222134068
:105F7C00EDD01323FB181B78002B0AD1084BDB6DDB
:105F8C00094A134019007B681A6C054B0A43DA6501
:105F9C0016E01223FB181322BA1812781A700FE0AD
:105FAC000010024000700040FFFCFFFFFFFFFEFFEF
:105FBC00881300001223FB181322BA1812781A70D7
:105FCC001123FB181B78012B05D1B64BDA6BB54BA3
:105FDC00B5490A40DA637B681B680122134009D07B
:105FEC00B04B5B6D0322934319007B685A68AD4B31
:105FFC000A435A657B681B680222134009D0A94BDF
:10600C005B6D0C22934319007B689A68A54B0A437D
:10601C005A657B681B680422134009D0A14B5B6D49
:10602C003022934319007B68DA689E4B0A435A6509
:10603C007B681B681022134009D09A4B5B6D9B4AFE
:10604C00134019007B681A69964B0A435A657B68A2
:10605C001A6880235B01134009D0924B5B6D944A04
:10606C00134019007B685A698E4B0A435A657B684A
:10607C001A6880239B00134009D08A4B5B6D8D4AB4
:10608C00134019007B689A6A864B0A435A657B68F1
:10609C001A688023DB00134009D0824B5B6D864A63
:1060AC00134019007B68DA6A7E4B0A435A657B6899
:1060BC001B682022134009D07A4B5B6D7F4A13403A
:1060CC0019007B689A69774B0A435A657B681B6891
:1060DC004022134009D0734B5B6D794A1340190071
:1060EC007B68DA696F4B0A435A657B681A688023B0
:1060FC00DB01134015D06B4B5B6D9B0099087B68E3
:10610C001A6B684B0A435A657B681A6B8023DB0554
:10611C009A4206D1634BDA68624B802149020A43EA
:10612C00DA607B681A6880231B03134009D05D4B2F
:10613C005B6D4022934319007B685A6B594B0A43A1
:10614C005A657B681A6880239B03134016D0554B05
:10615C005B6D5C4A134019007B689A6B514B0A4388
:10616C005A657B689A6B8023DB039A4206D14D4BB0
:10617C00DA684C4B802149040A43DA607B681A6860
:10618C008023DB03134016D0464B5B6D4E4A134005
:10619C0019007B68DA6B434B0A435A657B68DA6BF0
:1061AC0080235B049A4206D13E4BDA683D4B80213A
:1061BC0049040A43DA607B681A6880231B01134088
:1061CC0014D0384B9B6D0322934319007B681A6AD9
:1061DC00344B0A439A657B681B6A012B06D1314B01
:1061EC00DA68304B802149020A43DA607B681A680E
:1061FC0080239B01134014D02A4B9B6D0C2293439C
:10620C0019007B685A6A274B0A439A657B685B6A5C
:10621C00042B06D1234BDA68224B802149020A4316
:10622C00DA607B681A6880235B04134016D01D4B20
:10623C009B6D224A134019007B685A6C194B0A4318
:10624C009A657B685A6C80239B019A4206D1154B48
:10625C00DA68144B802149040A43DA607B681A68B7
:10626C0080239B04134016D00E4B9B6D104A134099
:10627C0019007B689A6C0B4B0A439A657B689A6C85
:10628C0080235B009A4206D1064BDA68054B8021CD
:10629C0049040A43DA601223FB181B781800BD4628
:1062AC0006B080BD00100240FFFFFFEFFFF3FFFFC1
:1062BC00FFFCFFFFFFFFF3FFFFFFCFFFFFCFFFFF51
:1062CC00FF3FFFFFFFFFBFFFFFFFFFFE80B584B066
:1062DC0000AF78607B683D229B5CDBB2012B01D068
:1062EC0001233FE07B683D22022199547B681B68A7
:1062FC001E4A934214D07B681A688023DB059A42AD
:10630C000ED07B681B681A4A934209D07B681B68C5
:10631C00184A934204D07B681B68174A934216D1E3
:10632C007B681B689B68154A1340FB60FB68062B57
:10633C0016D0FA6880235B029A4211D07B681B68E6
:10634C001A687B681B6801210A431A6008E07B68A5
:10635C001B681A687B681B6801210A431A6000E0FD
:10636C00C04600231800BD4604B080BD002C01407F
:10637C0000040040000800400040014007000100FC
:10638C0080B582B000AF78607B68002B01D101230F
:10639C004AE07B683D229B5CDBB2002B07D17B681B
:1063AC003C22002199547B681800FDF7DDFC7B68CA
:1063BC003D22022199547B681A687B6804331900CA
:1063CC00100000F025FA7B684822012199547B6863
:1063DC003E22012199547B683F22012199547B680C
:1063EC004022012199547B684122012199547B68F8
:1063FC004222012199547B684322012199547B68E4
:10640C004422012199547B684522012199547B68CF
:10641C004622012199547B684722012199547B68BB
:10642C003D220121995400231800BD4602B080BDC5
:10643C0080B584B000AF786039603B68002B08D120
:10644C007B683E229B5CDBB2013B5A1E9341DBB264
:10645C0037E03B68042B08D17B683F229B5CDBB2A6
:10646C00013B5A1E9341DBB22BE03B68082B08D151
:10647C007B6840229B5CDBB2013B5A1E9341DBB232
:10648C001FE03B680C2B08D17B6841229B5CDBB284
:10649C00013B5A1E9341DBB213E03B68102B08D131
:1064AC007B6842229B5CDBB2013B5A1E9341DBB200
:1064BC0007E07B6843229B5CDBB2013B5A1E934195
:1064CC00DBB2002B01D0012390E03B68002B04D100
:1064DC007B683E220221995423E03B68042B04D1B3
:1064EC007B683F22022199541BE03B68082B04D1A6
:1064FC007B6840220221995413E03B680C2B04D199
:10650C007B684122022199540BE03B68102B04D18B
:10651C007B6842220221995403E07B6843220221CA
:10652C0099547B681B6839680122180000F0D0FC74
:10653C007B681B682F4A93420ED07B681B682E4ADF
:10654C00934209D07B681B682C4A934204D07B6829
:10655C001B682B4A934201D1012300E00023002B3E
:10656C0008D07B681B685A6C7B681B688021090209
:10657C000A435A647B681B681E4A934214D07B689A
:10658C001A688023DB059A420ED07B681B681D4A73
:10659C00934209D07B681B681B4A934204D07B68EA
:1065AC001B68154A934216D17B681B689B68174A77
:1065BC001340FB60FB68062B16D0FA6880235B0245
:1065CC009A4211D07B681B681A687B681B68012192
:1065DC000A431A6008E07B681B681A687B681B68B2
:1065EC0001210A431A6000E0C04600231800BD4692
:1065FC0004B080BD002C014000400140004401402B
:10660C000048014000040040000800400700010061
:10661C0080B586B000AFF860B9607A601723FB18BC
:10662C0000221A70FB683C229B5C012B01D10223D7
:10663C00E5E0FB683C22012199547B68142B00D9BE
:10664C00D1E07B689A00704BD3181B689F46FB689F
:10665C001B68BA681100180000F06EF9FB681B6823
:10666C009A69FB681B6808210A439A61FB681B68DE
:10667C009A69FB681B6804218A439A61FB681B6852
:10668C009969BB681A69FB681B680A439A61AFE099
:10669C00FB681B68BA681100180000F0D9F9FB6898
:1066AC001B689A69FB681B68802109010A439A617F
:1066BC00FB681B689A69FB681B6854490A409A611D
:1066CC00FB681B689969BB681B691A02FB681B682D
:1066DC000A439A618CE0FB681B68BA6811001800C9
:1066EC0000F03EFAFB681B68DA69FB681B6808213E
:1066FC000A43DA61FB681B68DA69FB681B680421D2
:10670C008A43DA61FB681B68D969BB681A69FB6844
:10671C001B680A43DA616BE0FB681B68BA681100FE
:10672C00180000F0A7FAFB681B68DA69FB681B68A5
:10673C00802109010A43DA61FB681B68DA69FB688E
:10674C001B6832490A40DA61FB681B68D969BB686F
:10675C001B691A02FB681B680A43DA6148E0FB6894
:10676C001B68BA681100180000F0EEFAFB681B6891
:10677C005A6DFB681B6808210A435A65FB681B6845
:10678C005A6DFB681B6804218A435A65FB681B68B9
:10679C00596DBB681A69FB681B680A435A6527E088
:1067AC00FB681B68BA681100180000F02DFBFB6831
:1067BC001B685A6DFB681B68802109010A435A65E6
:1067CC00FB681B685A6DFB681B6810490A405A65C8
:1067DC00FB681B68596DBB681B691A02FB681B6858
:1067EC000A435A6504E01723FB1801221A70C046AD
:1067FC00FB683C22002199541723FB181B781800C6
:10680C00BD4606B080BDC04660CD0008FFFBFFFF53
:10681C0080B584B000AF786039607B681B68FB6022
:10682C007B683D4A93420CD07A688023DB059A4200
:10683C0007D07B68394A934203D07B68384A93422D
:10684C0008D1FB6870229343FB603B685B68FA6875
:10685C001343FB607B68304A93421CD07A688023D8
:10686C00DB059A4217D07B682C4A934213D07B6885
:10687C002B4A93420FD07B682A4A93420BD07B68F9
:10688C00294A934207D07B68284A934203D07B68FD
:10689C00274A934208D1FB68264A1340FB603B68A9
:1068AC00DB68FA681343FB60FB68802293431A0091
:1068BC003B685B691343FB603B689A687B68DA62F0
:1068CC003B681A687B689A627B68134A93420BD0C8
:1068DC007B68154A934207D07B68144A934203D0D5
:1068EC007B68134A934203D13B681A697B681A632D
:1068FC007B681B6804221A437B681A607B68012240
:10690C005A61BFF34F8FC0467B68FA681A60C04665
:10691C00BD4604B080BDC046002C014000040040C0
:10692C0000080040002000400040014000440140AD
:10693C0000480140FFFCFFFF80B586B000AF7860D7
:10694C0039607B681B6A7B617B681B6A01229343FD
:10695C001A007B681A627B685B683B617B689B6989
:10696C00FB60FB68334A1340FB60FB6803229343D4
:10697C00FB603B681B68FA681343FB607B6902226F
:10698C0093437B613B689B687A6913437B617B68AB
:10699C00294A93420BD07B68284A934207D07B68E4
:1069AC00274A934203D07B68264A93420FD17B68D7
:1069BC001B6A042293431A007B681A627B690822C3
:1069CC0093437B613B68DB687A6913437B617B682B
:1069DC00194A93420BD07B68184A934207D07B68C4
:1069EC00174A934203D07B68164A934211D13B69F4
:1069FC00154A13403B613B69144A13403B613B68A9
:106A0C005B693A6913433B613B689B693A69134381
:106A1C003B617B683A695A607B68FA689A613B68AB
:106A2C005A687B685A637B687A691A62C046BD46AD
:106A3C0006B080BD8FFFFEFF002C014000400140DE
:106A4C000044014000480140FFFEFFFFFFFDFFFF37
:106A5C0080B586B000AF786039607B681B6A7B615B
:106A6C007B681B6A102293431A007B681A627B684E
:106A7C005B683B617B689B69FB60FB68304A134039
:106A8C00FB60FB682F4A1340FB603B681B681B02D2
:106A9C00FA681343FB607B69202293437B613B685C
:106AAC009B681B017A6913437B617B68264A93427E
:106ABC0010D17B681B6A402293431A007B681A62D0
:106ACC007B69802293437B613B68DB681B017A699D
:106ADC0013437B617B681C4A93420BD07B681B4A37
:106AEC00934207D07B681A4A934203D07B68194AB9
:106AFC00934213D13B69184A13403B613B69174AD7
:106B0C0013403B613B685B699B003A6913433B61F3
:106B1C003B689B699B003A6913433B617B683A690C
:106B2C005A607B68FA689A613B685A687B689A631A
:106B3C007B687A691A62C046BD4606B080BDC04605
:106B4C00FF8FFFFEFFFCFFFF002C014000400140C7
:106B5C000044014000480140FFFBFFFFFFF7FFFF2F
:106B6C0080B586B000AF786039607B681B6A7B614A
:106B7C007B681B6A344A1A407B681A627B685B68C4
:106B8C003B617B68DB69FB60FB68304A1340FB6050
:106B9C00FB6803229343FB603B681B68FA68134352
:106BAC00FB607B692A4A13407B613B689B681B0234
:106BBC007A6913437B617B68264A93420FD17B68C9
:106BCC001B6A254A1A407B681A627B69234A134068
:106BDC007B613B68DB681B027A6913437B617B68D2
:106BEC001C4A93420BD07B681D4A934207D07B68AA
:106BFC001C4A934203D07B681B4A934213D13B69D6
:106C0C001A4A13403B613B69194A13403B613B688C
:106C1C005B691B013A6913433B613B689B691B0130
:106C2C003A6913433B617B683A695A607B68FA683E
:106C3C00DA613B685A687B68DA637B687A691A6246
:106C4C00C046BD4606B080BDFFFEFFFF8FFFFEFFB6
:106C5C00FFFDFFFF002C0140FFFBFFFFFFF7FFFFD5
:106C6C00004001400044014000480140FFEFFFFF9D
:106C7C00FFDFFFFF80B586B000AF786039607B68BE
:106C8C001B6A3B617B681B6A264A1A407B681A6246
:106C9C007B685B687B617B68DB69FB60FB68224A15
:106CAC001340FB60FB68214A1340FB603B681B6888
:106CBC001B02FA681343FB603B691D4A13403B619E
:106CCC003B689B681B033A6913433B617B68194A19
:106CDC0093420BD07B68184A934207D07B68174AC3
:106CEC00934203D07B68164A934209D17B69154ABB
:106CFC0013407B613B685B699B017A6913437B6141
:106D0C007B687A695A607B68FA68DA613B685A6812
:106D1C007B681A647B683A691A62C046BD4606B045
:106D2C0080BDC046FFEFFFFFFF8FFFFEFFFCFFFFA4
:106D3C00FFDFFFFF002C01400040014000440140F8
:106D4C0000480140FFBFFFFF80B586B000AF786000
:106D5C0039607B681B6A3B617B681B6A234A1A405B
:106D6C007B681A627B685B687B617B685B6DFB6030
:106D7C00FB681F4A1340FB603B681B68FA681343AF
:106D8C00FB603B691B4A13403B613B689B681B04DF
:106D9C003A6913433B617B68174A93420BD07B687B
:106DAC00164A934207D07B68154A934203D07B68FE
:106DBC00144A934209D17B690C4A13407B613B68AE
:106DCC005B691B027A6913437B617B687A695A6041
:106DDC007B68FA685A653B685A687B689A657B6879
:106DEC003A691A62C046BD4606B080BDFFFFFEFF81
:106DFC008FFFFEFFFFFFFDFF002C01400040014014
:106E0C00004401400048014080B586B000AF786076
:106E1C0039607B681B6A3B617B681B6A244A1A4099
:106E2C007B681A627B685B687B617B685B6DFB606F
:106E3C00FB68204A1340FB603B681B681B02FA6826
:106E4C001343FB603B691C4A13403B613B689B68E6
:106E5C001B053A6913433B617B68184A93420BD07C
:106E6C007B68174A934207D07B68164A934203D03B
:106E7C007B68154A934209D17B69144A13407B61A4
:106E8C003B685B699B027A6913437B617B687A6917
:106E9C005A607B68FA685A653B685A687B68DA65A1
:106EAC007B683A691A62C046BD4606B080BDC046D2
:106EBC00FFFFEFFFFF8FFFFEFFFFDFFF002C014006
:106ECC00004001400044014000480140FFFFFBFF2F
:106EDC0080B586B000AFF860B9607A60BB681F22DD
:106EEC00134001229A4013007B61FB681B6A7A698C
:106EFC00D2431A40FB681A62FB681A6ABB681F21EE
:106F0C000B40796899400B001A43FB681A62C04623
:106F1C00BD4606B080BD000080B584B000AF78607F
:106F2C0039607B683C229B5C012B01D102235AE027
:106F3C007B683C22012199547B683D2202219954A3
:106F4C007B681B685B68FB607B681B689B68BB602D
:106F5C007B681B68264A934208D1FB68254A13407C
:106F6C00FB603B685B68FA681343FB60FB6870224C
:106F7C009343FB603B681B68FA681343FB607B68B8
:106F8C001B68FA685A607B681B68194A934214D0D4
:106F9C007B681A688023DB059A420ED07B681B68DD
:106FAC00154A934209D07B681B68144A934204D05B
:106FBC007B681B68124A93420CD1BB6880229343B6
:106FCC00BB603B689B68BA681343BB607B681B68FB
:106FDC00BA689A607B683D22012199547B683C22F7
:106FEC000021995400231800BD4604B080BDC04652
:106FFC00002C0140FFFF0FFF000400400008004080
:10700C000040014080B584B000AF78603960002347
:10701C00FB607B683C229B5C012B01D102236FE05F
:10702C007B683C2201219954FB68FF2293431A0090
:10703C003B68DB681343FB60FB68334A1A403B68D0
:10704C009B681343FB60FB68304A1A403B685B68E3
:10705C001343FB60FB682E4A1A403B681B681343C2
:10706C00FB60FB682B4A1A403B681B691343FB60AF
:10707C00FB68294A1A403B685B691343FB60FB6859
:10708C00264A1A403B681B6B1343FB60FB68244A7F
:10709C001A403B689B691B041343FB60FB68214A45
:1070AC001A403B68DB691343FB607B681B681E4A14
:1070BC0093421CD1FB681D4A1A403B689B6A1B0516
:1070CC001343FB60FB681A4A1A403B681B6A134364
:1070DC00FB60FB68174A1A403B685B6A1343FB6012
:1070EC00FB68154A1A403B68DB6A1343FB607B68FC
:1070FC001B68FA685A647B683C220021995400236F
:10710C001800BD4604B080BDFFFCFFFFFFFBFFFF76
:10711C00FFF7FFFFFFEFFFFFFFDFFFFFFFBFFFFFEB
:10712C00FFFFF0FFFFFFFFEF002C0140FFFF0FFF01
:10713C00FFFFFFFEFFFFFFFDFFFFFFDF80B582B00B
:10714C0000AF78607B68002B01D1012346E07B689F
:10715C0088229B58002B07D17B68842200219954EC
:10716C007B681800FCF774FE7B68882224219950F8
:10717C007B681B681A687B681B6801218A431A604C
:10718C007B689B6A002B03D07B68180000F030FCF6
:10719C007B68180000F0D6F80300012B01D1012305
:1071AC001CE07B681B685A687B681B680D490A40A9
:1071BC005A607B681B689A687B681B682A218A4323
:1071CC009A607B681B681A687B681B6801210A43FC
:1071DC001A607B68180000F0BFFC03001800BD4665
:1071EC0002B080BDFFB7FFFF80B58AB002AFF86078
:1071FC00B9603B60BB1D1A80FB6888229B58202B12
:10720C0000D09AE0BB68002B03D0BB1D1B88002B61
:10721C0001D1012392E0FB689A6880235B019A42BA
:10722C0009D1FB681B69002B05D1BB6801221340F7
:10723C0001D0012382E0FB68902200219950FB6869
:10724C00882221219950FCF7E9FF03007B61FB6840
:10725C00BA1D542112885A52FB68BA1D5621128845
:10726C005A52FB689A6880235B019A4208D1FB68EA
:10727C001B69002B04D10023FB61BB68BB6103E0DD
:10728C00BB68FB610023BB613AE07A69F8683B6834
:10729C00009313000022802100F008FD031E05D08E
:1072AC00FB68882220219950032347E0FB69002BBF
:1072BC000BD1BB691B881A00FB681B68D205D20D69
:1072CC009A62BB690233BB6107E0FB691A78FB6801
:1072DC001B689A62FB690133FB61FB6888229B582F
:1072EC0021221340212B09D1FB6856229B5A9BB2B9
:1072FC00013B99B2FB685622995201E001231DE033
:10730C00FB6856229B5A9BB2002BBED17A69F86857
:10731C003B68009313000022402100F0C7FC031EC1
:10732C0005D0FB68882220219950032306E0FB68D6
:10733C00882220219950002300E002231800BD462A
:10734C0008B080BDB0B590B000AF78621A2320228F
:10735C009B18DB1900221A707B6A9A687B6A1B697E
:10736C001A437B6A5B691A437B6ADB691343FB63D1
:10737C007B6A1B681B68C14A134019007B6A1A6838
:10738C00FB6B0B4313607B6A1B685B68BC4A134046
:10739C0018007B6AD9687B6A1A6803000B43536038
:1073AC007B6A9B69FB637B6A1B68B64A934209D074
:1073BC007B6A1B68B44A934204D07B6A1B6AFA6BE3
:1073CC001343FB637B6A1B689B68B04A134019002C
:1073DC007B6A1A68FB6B0B4393607B6A1B68DB6AE6
:1073EC000F22934318007B6A596A7B6A1A68030060
:1073FC000B43D3627B6A1B68A54A934231D1A54BE0
:10740C005B6D03221340032B1DD023D8022B0CD011
:10741C0020D8002B02D0012B0ED01BE01B232022E6
:10742C009B18DB1900221A7054E11B2320229B1895
:10743C00DB1902221A704DE11B2320229B18DB1949
:10744C0004221A7046E11B2320229B18DB19082208
:10745C001A703FE11B2320229B18DB1910221A7093
:10746C0038E17B6A1B688C4A934231D1894B5B6D46
:10747C000C2213400C2B1DD023D8082B0CD020D859
:10748C00002B02D0042B0ED01BE01B2320229B18B8
:10749C00DB1900221A701DE11B2320229B18DB191B
:1074AC0002221A7016E11B2320229B18DB190422DE
:1074BC001A700FE11B2320229B18DB1908221A706B
:1074CC0008E11B2320229B18DB1910221A7001E102
:1074DC007B6A1B68714A934231D16E4B5B6D3022D3
:1074EC001340302B1DD023D8202B0CD020D8002BB0
:1074FC0002D0102B0ED01BE01B2320229B18DB1973
:10750C0000221A70E6E01B2320229B18DB190222B2
:10751C001A70DFE01B2320229B18DB1904221A703F
:10752C00D8E01B2320229B18DB1908221A70D1E00B
:10753C001B2320229B18DB1910221A70CAE07B6ACD
:10754C001B68574A934206D11B2320229B18DB1938
:10755C0000221A70BEE07B6A1B68524A934206D125
:10756C001B2320229B18DB1900221A70B2E07B6AC5
:10757C001B684D4A934206D11B2320229B18DB1912
:10758C0000221A70A6E07B6A1B683E4A93423ED1E9
:10759C00404B5A6DC0231B011340C0221201934271
:1075AC0027D0C022120193422AD880221201934282
:1075BC0011D080221201934222D8002B04D08022B9
:1075CC00D20093420ED01BE01B2320229B18DB1908
:1075DC0000221A707EE01B2320229B18DB1902224A
:1075EC001A7077E01B2320229B18DB1904221A70D7
:1075FC0070E01B2320229B18DB1908221A7069E00B
:10760C001B2320229B18DB1910221A7062E07B6A64
:10761C001B681D4A934257D11E4B5A6DC0239B00C9
:10762C001340C0229200934240D0C0229200934259
:10763C0043D880229200934211D080229200934230
:10764C003BD8002B04D08022520093420ED034E061
:10765C001B2320229B18DB1900221A703AE01B23F3
:10766C0020229B18DB1902221A7033E01B232022E4
:10767C009B18DB1904221A702CE0C046F369FFCF6B
:10768C00FFCFFFFF0080004000840040FFF4FF119B
:10769C000038014000100240004400400048004007
:1076AC00004C004000500040003C01401B232022B5
:1076BC009B18DB1908221A700CE01B2320229B1844
:1076CC00DB1910221A7005E01B2320229B18DB19F2
:1076DC0010221A707B6A1B68C14A934205D07B6AE0
:1076EC001B68C04A934200D093E01B2320229B18B6
:1076FC00DB191B78082B15D018DC042B0DD015DCEE
:10770C00002B02D0022B05D010E0FEF78DFB0300FE
:10771C007B6314E0B44B7B6311E0FEF7F9FA0300D2
:10772C007B630CE080231B027B6308E000237B63FC
:10773C001A2320229B18DB1901221A70C0467B6B7E
:10774C00002B00D135E17B6A5A6AA84B5200D35A00
:10775C001900786BF8F7ECFC0300BB627B6A5A6883
:10776C0013005B009B18BA6A9A4205D37B6A5B686C
:10777C001B03BA6A9A4206D91A2320229B18DB19DA
:10778C0001221A7044E07B6BBB610023FB617B6AB6
:10779C005A6A964B5200D35A3B6100237B613A697B
:1077AC007B69B869F969F8F777FE02000B00110ED6
:1077BC001D020D4314027B6A5B685B08BB600023EF
:1077CC00FB60B868F968001969417B6A5B683B60CB
:1077DC0000237B603A687B68F8F75EFE02000B00C2
:1077EC0013003B633A6BC0239B009A4209D33A6B5C
:1077FC0080235B039A4204D27B6A1B683A6BDA6083
:10780C0006E01A2320229B18DB1901221A70D0E003
:10781C00CFE07B6ADA6980231B029A4200D070E0C9
:10782C001B2320229B18DB191B78082B15D018DC86
:10783C00042B0DD015DC002B02D0022B05D010E050
:10784C00FEF7F2FA03007B6314E0674B7B6311E0F5
:10785C00FEF75EFA03007B630CE080231B027B6364
:10786C0008E000237B631A2320229B18DB190122DA
:10787C001A70C0467B6B002B00D19AE07B6A5A6A67
:10788C005A4B5200D35A1900786BF8F751FC03008D
:10789C005A007B6A5B685B08D2187B6A5B681900CC
:1078AC001000F8F745FC03003B633B6B0F2B21D911
:1078BC003A6B80235B029A421CD23B6B9AB20E202D
:1078CC0020240319DB190F218A431A803B6B5B08B8
:1078DC009BB20722134099B20319DB190219D21972
:1078EC0012880A431A807B6A1B680219D219128803
:1078FC00DA605EE01A2320229B18DB1901221A7031
:10790C0057E01B2320229B18DB191B78082B15D062
:10791C0018DC042B0DD015DC002B02D0022B05D06B
:10792C0010E0FEF781FA03007B6314E02E4B7B63BF
:10793C0011E0FEF7EDF903007B630CE080231B02E2
:10794C007B6308E000237B631A2320229B18DB193E
:10795C0001221A70C0467B6B002B2AD07B6A5A6AB4
:10796C00224B5200D35A1900786BF8F7E1FB030055
:10797C001A007B6A5B685B08D2187B6A5B6819002B
:10798C001000F8F7D5FB03003B633B6B0F2B0AD9B8
:10799C003A6B80235B029A4205D23B6B9AB27B6AAC
:1079AC001B68DA6005E01A2320229B18DB190122E0
:1079BC001A707B6A6A22012199527B6A6822012122
:1079CC0099527B6A00225A677B6A00229A671A23B3
:1079DC0020229B18DB191B781800BD4610B0B0BDD7
:1079EC0000800040008400400024F400B4CD000866
:1079FC0080B582B000AF78607B689B6A0822134028
:107A0C000BD07B681B685B684A4A134019007B6883
:107A1C009A6B7B681B680A435A607B689B6A0122DD
:107A2C0013400BD07B681B685B68434A13401900FA
:107A3C007B68DA6A7B681B680A435A607B689B6ABE
:107A4C00022213400BD07B681B685B683B4A1340D7
:107A5C0019007B681A6B7B681B680A435A607B6849
:107A6C009B6A042213400BD07B681B685B68344A0A
:107A7C00134019007B685A6B7B681B680A435A6079
:107A8C007B689B6A102213400BD07B681B689B6839
:107A9C002C4A134019007B68DA6B7B681B680A431D
:107AAC009A607B689B6A202213400BD07B681B6812
:107ABC009B68254A134019007B681A6C7B681B680D
:107ACC000A439A607B689B6A402213401DD07B68F6
:107ADC001B685B681D4A134019007B685A6C7B68F5
:107AEC001B680A435A607B685A6C80235B039A427A
:107AFC000BD17B681B685B68154A134019007B68C7
:107B0C009A6C7B681B680A435A607B689B6A80226C
:107B1C0013400BD07B681B685B680E4A134019003E
:107B2C007B68DA6C7B681B680A435A60C046BD46AA
:107B3C0002B080BDFF7FFFFFFFFFFDFFFFFFFEFFD9
:107B4C00FFFFFBFFFFEFFFFFFFDFFFFFFFFFEFFF7D
:107B5C00FFFF9FFFFFFFF7FF80B592B002AF786089
:107B6C007B68902200219950FCF758FB0300FB63C3
:107B7C007B681B681B6808221340082B2DD1FB6BFC
:107B8C00802291037868474A0092002200F08EF818
:107B9C00031E22D0EFF310837B627B6ABB6301234D
:107BAC00BB62BB6A83F31088C0467B681B681A688B
:107BBC007B681B6880218A431A60BB6BFB62FB6A83
:107BCC0083F31088C0467B688822202199507B68FB
:107BDC00842200219954032360E07B681B681B6896
:107BEC0004221340042B46D1FB6B8022D10378680E
:107BFC002C4A0092002200F059F8031E3BD0EFF300
:107C0C001083FB60FB687B6301233B613B6983F35F
:107C1C001088C0467B681B681A687B681B68224901
:107C2C000A401A607B6B7B617B6983F31088C046CA
:107C3C00EFF31083BB61BB693B630123FB61FB6901
:107C4C0083F31088C0467B681B689A687B681B6846
:107C5C0001218A439A603B6B3B623B6A83F3108839
:107C6C00C0467B688C22202199507B68842200219D
:107C7C009954032312E07B688822202199507B6859
:107C8C008C22202199507B680022DA667B680022C6
:107C9C001A677B6884220021995400231800BD4682
:107CAC0010B080BDFFFFFF01DFFEFFFF80B584B089
:107CBC0000AFF860B9603B60FB1D1A7051E0BB6906
:107CCC0001334ED0FCF7AAFA02003B68D31ABA690A
:107CDC009A4202D3BB69002B01D1032351E0FB680C
:107CEC001B681B68042213403BD0BB68802B38D028
:107CFC00BB68402B35D0FB681B68DB69082213403E
:107D0C00082B11D1FB681B6808221A62FB6818004B
:107D1C0000F03CF8FB68902208219950FB68842203
:107D2C000021995401232CE0FB681B68DA6980233D
:107D3C001B011A4080231B019A4212D1FB681B685D
:107D4C00802212011A62FB68180000F01FF8FB6811
:107D5C00902220219950FB688422002199540323FE
:107D6C000FE0FB681B68DB69BA681340BA68D31A6A
:107D7C005A425341DBB21A00FB1D1B789A429ED02B
:107D8C0000231800BD4604B080BD000080B58EB045
:107D9C0000AF7860EFF310837B617B697B63012319
:107DAC00BB61BB6983F31088C0467B681B681A688B
:107DBC007B681B6826490A401A607B6BFB61FB6978
:107DCC0083F31088C046EFF310833B623B6A3B633E
:107DDC0001237B627B6A83F31088C0467B681B6837
:107DEC009A687B681B681B490A409A603B6BBB62B4
:107DFC00BB6A83F31088C0467B68DB6E012B18D1FD
:107E0C00EFF31083BB60BB68FB620123FB60FB6874
:107E1C0083F31088C0467B681B681A687B681B68F4
:107E2C0010218A431A60FB6A3B613B6983F310881B
:107E3C00C0467B688C22202199507B680022DA6630
:107E4C007B6800225A67C046BD460EB080BDC04656
:107E5C00DFFEFFFFFEFFFFEF80B584B000AF786060
:107E6C007B6884229B5C012B01D1022327E07B6879
:107E7C008422012199547B688822242199507B68A3
:107E8C001B681B68FB607B681B681A687B681B6837
:107E9C0001218A431A60FB680B4A1340FB607B6824
:107EAC0000225A667B681B68FA681A607B68882215
:107EBC00202199507B6884220021995400231800BA
:107ECC00BD4604B080BDC046FFFFFFDF80B584B067
:107EDC0000AF786039607B6884229B5C012B01D1F8
:107EEC0002232EE07B688422012199547B6888222E
:107EFC00242199507B681B681B68FB607B681B689E
:107F0C001A687B681B6801218A431A607B681B68AE
:107F1C009B68DB00D9087B681B683A680A439A6047
:107F2C007B68180000F054F87B681B68FA681A60CC
:107F3C007B688822202199507B68842200219954E7
:107F4C0000231800BD4604B080BD000080B584B08D
:107F5C0000AF786039607B6884229B5C012B01D177
:107F6C0002232FE07B688422012199547B688822AC
:107F7C00242199507B681B681B68FB607B681B681D
:107F8C001A687B681B6801218A431A607B681B682E
:107F9C009B680E4A134019007B681B683A680A43B9
:107FAC009A607B68180000F013F87B681B68FA680D
:107FBC001A607B688822202199507B6884220021DA
:107FCC00995400231800BD4604B080BDFFFFFFF19B
:107FDC00F0B585B000AF78607B685B6E002B08D184
:107FEC007B686A22012199527B686822012199528F
:107FFC0043E00F26BB1908221A700E203B180822EA
:10800C001A707B681B689B685B0EDAB20D243B19F7
:10801C0007210A401A707B681B689B685B0FDAB2F9
:10802C000C257B1907210A401A703B181B787A190A
:10803C00127814498A5C5A4310007B191B78124A37
:10804C00D35C1900F8F7FEF8030099B27B686A223A
:10805C009952BB191B783A1912780A498A5C5A430F
:10806C0010003B191B78084AD35C1900F8F7EAF8A2
:10807C00030099B27B6868229952C046BD4605B090
:10808C00F0BDC046CCCD0008D4CD0008002310B5FF
:10809C00040003604360836081814366C281036195
:1080AC0043618361190008225C3000F035F90B4BF9
:1080BC00E46123620A4B63620A4BA3620A4BE362DC
:1080CC000A4B9C4205D00A4B9C4202D0094B9C4265
:1080DC0003D12000583000F09FF910BD8D820008AC
:1080EC00B5820008ED8200081983000850080020B2
:1080FC00B80800202009002010B5034A03490448A1
:10810C0000F06CF810BDC0460C000020A19F0008C8
:10811C002000002041680B4B10B50400994201D09F
:10812C0001F038FFA168084B994202D0200001F001
:10813C0031FFE168054B994202D0200001F02AFF83
:10814C0010BDC04650080020B808002020090020AF
:10815C0010B5094B094A04211A6009480022FFF79F
:10816C0095FF012209210748FFF790FF02221221F7
:10817C000548FFF78BFF10BD88090020058100081A
:10818C0050080020B80800202009002010B5024833
:10819C0000F044F910BDC0469209002010B5024809
:1081AC0000F03DF910BDC0469209002010B5040046
:1081BC00FFF7ECFF636B002B02D0FFF7EFFF10BD56
:1081CC00044B6363044B1B68002BF6D1FFF7C0FF15
:1081DC00F3E7C0462181000888090020F7B5140098
:1081EC00002600900191A5686768013F04D52468BA
:1081FC00002CF8D13000FEBDAB89012B08D90E2222
:10820C00AB5E013304D029000098019B98470643CC
:10821C006835EAE70CB430B5184B0C001D689DB0FE
:10822C00002908DA8B2301202B6040421DB030BCA2
:10823C0008BC02B0184782236A469B009382002335
:10824C0002901B930690994200D04B1E0493079307
:10825C0001236A465B42D382280021AB209A02A9F3
:10826C00019300F019FC431C01DA8B232B60002CCA
:10827C00DCD00022029B1A70D8E7C0461800002000
:10828C0070B50C000E25495F00F074F8002803DB74
:10829C00236D1B18236570BDA389024A1340A3816B
:1082AC00F9E7C046FFEFFFFFF8B51F008B8905000B
:1082BC000C001600DB0505D50E23C95E0022022337
:1082CC0000F044F8A389054A28001340A38132002A
:1082DC000E23E15E3B0000F061F8F8BDFFEFFFFFFD
:1082EC0070B50C000E25495F00F030F8A389421CD4
:1082FC0003D1054A1340A38170BD80225201134360
:10830C00A3812065F8E7C046FFEFFFFF10B50E23F1
:10831C00C95E00F009F810BD03008218934200D129
:10832C00704719700133F9E7002370B5064D04004E
:10833C0008002B60FBF763FE431C03D12B68002B5A
:10834C0000D0236070BDC0468C09002070B50400BD
:10835C00080011001A000023054D2B60FBF770FE7E
:10836C00431C03D12B68002B00D0236070BDC0468A
:10837C008C09002070B50400080011001A000023BD
:10838C00054D2B60FBF702FE431C03D12B68002B21
:10839C0000D0236070BDC0468C09002070B504006D
:1083AC00080011001A000023054D2B60FBF70BFE93
:1083BC00431C03D12B68002B00D0236070BDC0463A
:1083CC008C090020014B18687047C046180000202B
:1083DC0070B500260C4C0D4D641BA410A64209D19F
:1083EC00002604F001FC0A4C0A4D641BA410A642A2
:1083FC0005D170BDB300EB5898470136EEE7B300DA
:10840C00EB5898470136F2E774D1000874D1000894
:10841C007CD1000874D100087047704770477047D2
:10842C00034B10B5002B02D0024800F005F810BD2C
:10843C000000000019A20008002310B501001A006A
:10844C00180001F03FFF10BDF7B5040008200D0027
:10845C0001F0F0FE0600200000F00EFB0322224F7C
:10846C003100BB685B68934318001138401B8019BE
:10847C000193F7F75DFE451E7543AE4204DD200007
:10848C0000F002FB0020FEBD0021200001F0ACFE3C
:10849C00BB68019A9B189842F1D12000694201F007
:1084AC00A3FE013010D10021200001F09DFEBA681E
:1084BC00811A0F29E3DD0D4D0D4B2D68401B186003
:1084CC0001230B435360DAE70126019BBA685B1B5F
:1084DC0033435360064A200013685B1B136000F0A3
:1084EC00D3FA3000CFE7C0466C01002064010020B5
:1084FC0098090020F7B50D1E01902DD000F0BCFAA4
:10850C00012329009C4608394F6862463B006446AB
:10851C009343C8184568023295434A4A27409668E7
:10852C0086421AD15B19002F06D10868091A8D688A
:10853C001B18C868E860856001201843486091608A
:10854C00414A12689A4204D8404B01981968FFF7C7
:10855C007BFF019800F098FAF7BD00264560B74202
:10856C0009D10F683A4CC91BDB198F68A7422CD074
:10857C00CC68FC60A76047197C6801273C420BD192
:10858C005B198568002E22D1314CA5421FD13E00CB
:10859C0051611161CD608D60012528001843486040
:1085AC00CB50002ED5D180208000834213D2D80826
:1085BC005B099D4053681D43C3009B1855609A6826
:1085CC00CB608A609960D160C3E76646D3E7C06828
:1085DC00E8608560E0E75D0A042D12D89809383010
:1085EC00C600B618B5680327AE4225D1012380100A
:1085FC008340506803435360CE608D60B160E96086
:10860C00A7E7142D02D828005B30E9E7542D02D8D7
:10861C00180B6E30E4E7AA204000854202D8D80B34
:10862C007730DDE70B4E7E20B542D9D8980C7C30E4
:10863C00D6E7AD68AE4203D06A68BA439A42F8D81E
:10864C00EE68D9E76C01002068010020C809002001
:10865C007401002054050000F0B50D0087B00B35F7
:10866C000190162D09D907239D4307D50C23019A98
:10867C0013600024200007B0F0BD1025A942F5D8E6
:10868C00019800F0F9F9FC23BA4E5B009D421DD213
:10869C002A000832B218110054680839EB088C42D1
:1086AC0003D1D4680233A24226D003226368A168A6
:1086BC009343E268E318CA609160012259680A4347
:1086CC005A60019800F0E0F90834D3E73F236A0AB6
:1086DC0003D0042A26D8AB09383303229446D90098
:1086EC008919CC688C4206D0604662688243571B5D
:1086FC000F2F2FDD013B013334699F498C4250D041
:10870C00032062688243501B0F2831DD0123671957
:10871C001D430343656077613761F960B9607B6025
:10872C00A050CEE7142A02D813005B33D5E7542AA5
:10873C0002D82B0B6E33D0E7AA235B009A4202D8E7
:10874C00EB0B7733C9E78D497E238A42C5D8AB0C36
:10875C007C33C2E7E068002F08DBA368D860836035
:10876C000123A21851680B435360AAE70400B9E730
:10877C00716131610028F3DA71688C4680218900BF
:10878C008A4200D38AE0D108500901228240604617
:10879C0002437260CA0092199168E260A160946011
:1087AC00CC600122734899108A404168914226D3CB
:1087BC000A4205D10324A343520004330A42FBD0DE
:1087CC00DE008619B44602936146CC68644500D03D
:1087DC009BE00834A4460324029901310291214202
:1087EC00F2D1234200D0B7E0436893434360614B1E
:1087FC0052005968914202D3002A00D0B8E00322FB
:10880C00836802935B6893430393AB4203D35A1B75
:10881C000F2A00DD1FE1029B039A08209E18584B7B
:10882C001B6810335F1901F005FD564B04901B6853
:10883C00013303D0013F3B1847421F4039000198D8
:10884C0001F0D2FC0400431C00D1DAE0864204D9CA
:10885C00484B029A9A4200D0D3E04B4A1368FB185B
:10886C001360049A013AA64200D093E0164200D05D
:10887C0090E0404B9A68039BDF1901233B43536004
:10888C00414B424A1B6811688B4200D91360404A25
:10889C0011688B4200D8B4E01360B2E0500A04288F
:1088AC0011D891093831CF00BF19B868874225D14A
:1088BC00012289108A4061460A437260E760A06019
:1088CC00BC60C4606DE7142802D801005B31EAE794
:1088DC00542802D8110B6E31E5E7AA2149008842D1
:1088EC0002D8D10B7731DEE7244F7E21B842DAD89B
:1088FC00910C7C31D7E78068874204D0032641680D
:10890C00B1439142F7D8C768D8E703276168B943E8
:10891C000391E768491B0F2910DD012263191543E8
:10892C006560A5680A43EF60BD604361036112484E
:10893C005A60D8609860039BE150C2E6002909DBBD
:10894C00039BE11801234A6813434B60A368DF6063
:10895C00BB60B6E63C0039E73168083E013BB142EA
:10896C0000D13EE743E7043352000A42FBD027E72D
:10897C00029BFAE76C0100207401002054050000F2
:10898C00C80900206401002098090020C4090020B7
:10899C00C009002035490868013040D10C6007211E
:1089AC00260000230E400C4202D008339B1BE41817
:1089BC00E1190591059F04991740CB18DF1B17404F
:1089CC003900019801F010FC431C07D1371E0598A3
:1089DC0004D030000027059B08381818244A001BC7
:1089EC001368C019DB1913600122224B0299104342
:1089FC009C606060994200D142E7039B0F2B13D817
:108A0C00626003221B4B9B685B6893435A1BAB420F
:108A1C0001D30F2A1FDC019800F036F829E614491F
:108A2C00A61BF6180E60BAE70721039B0C3B8B4381
:108A3C00029949680A4002991A434A60CA180521EA
:108A4C00516091600F2B00D81AE7029901980831F8
:108A5C00FFF750FD14E701231800064928438C68E2
:108A6C001343651960608D606B602AE66401002019
:108A7C00980900206C01002010B50248FFF7CEFCCD
:108A8C0010BDC0469009002010B50248FFF7C7FC86
:108A9C0010BDC04690090020F0B5DDB01C000C9153
:108AAC0009920B9001F09CFB036818002093F7F7D8
:108ABC0023FB0C9B18909B891B0616D50C9B1B69E2
:108ACC00002B12D140210B98FFF7C6FD0C9B1860B0
:108ADC001861002806D10C230B9A136001235B420A
:108AEC001A93BBE240230C9A536100230022329369
:108AFC0031930E93002316921793002333AF3097C4
:108B0C002393229314931D9321931A93099D2B78ED
:108B1C00002B02D0252B00D091E0099BEE1A9D4230
:108B2C0016D03B60329B7E609B193293319B083789
:108B3C0001333193072B08DD0C990B9830AA01F007
:108B4C0007FA002800D084E233AF1A9B9B191A93C2
:108B5C002B78002B01D101F0AFF91B22002322A9A5
:108B6C005218137001221E00524201350A921993B9
:108B7C006B1C15932B781193119820385A2801D916
:108B8C0000F02FFEF7F7CAFA9B002D062D06A50064
:108B9C002D062D062D0680002D062D06A700AF00F4
:108BAC002D06AD00B4002D06D900DB00DB00DB0088
:108BBC00DB00DB00DB00DB00DB00DB002D062D0621
:108BCC002D062D062D062D062D0661012D060601FE
:108BDC001A016101610161012D062D062D062D067C
:108BEC00ED002D062D06F7042D062D062D063B0552
:108BFC002D065F052D062D0691052D062D062D063D
:108C0C002D062D062D062D062D0661012D060601BD
:108C1C001C01610161016101EF001C0102012D06C3
:108C2C00FB002D06D904F9042B0502012D063B058A
:108C3C00A30061052D062D065D002D06A300013550
:108C4C0065E7AC4B30002393202318401E4201D122
:108C5C0000F02EFD193B07349C43220018CA0693E2
:108C6C0007941092F3070AD5069B079A134306D074
:108C7C00302229AB1A70119A5A7002231E439E4B54
:108C8C001E40022300F089FC0B9801F0A9FA4368FE
:108C9C0018002193F7F730FA1D900B9801F0A0FA09
:108CAC00836814931D9B002B11D0149B002B0ED0AA
:108CBC001B78002B0BD08023DB001E4307E01B230B
:108CCC0022AA9B181A78002A01D120321A70159DFD
:108CDC004EE70123F1E708CC1993002BF7DA5B423E
:108CEC0019930423E9E71B2322AA9B182B22EDE7F7
:108CFC00159A159B1278013311922A2A0ED0002254
:108D0C000A20119915933039092910D90A92002A91
:108D1C0000DB31E701235B420A932DE704CC0A9276
:108D2C00002A02DA012252420A921593CFE74243FB
:108D3C005218197801331191E3E78023BDE7002223
:108D4C000A21159B1992199A11984A4330388218A6
:108D5C0019921A7801331192303A092AF3D91593E2
:108D6C000AE70823A9E7159B1B78682B05D1159BEF
:108D7C000133159380239B009FE740239DE7159BB0
:108D8C001B786C2B04D1159B01331593202394E78E
:108D9C00102392E7210004C943AB10911B211A70D8
:108DAC00002222A809180A700D9201320A920022A0
:108DBC00099314001B921292139207E210231E4384
:108DCC00B30631D5072307349C43220018CA0693F7
:108DDC0007941092079A0123002A0BDA069C079D30
:108DEC0000226142AA41069107921B2222A9521825
:108DFC002D2111700799069A0A430A99002901DA64
:108E0C0001F066F8802134008C43002A01D001F077
:108E1C0064F80A9A002A01D100F0D9FC012B01D088
:108E2C0001F05FF800F06BFC220008CA1092F20609
:108E3C0003D50693DB170793CCE7720601D51BB25B
:108E4C00F7E7B205F5D55BB2F3E7072307349C438C
:108E5C00220018CA1092012216931794169B5242A4
:108E6C002493179B5B005B08259324982599234B2F
:108E7C00FAF74AFA002826D12498259901221F4B8B
:108E8C005242F7F7EBFA00281DD1169817990022D9
:108E9C000023F7F7D9FA002804D01B2322AA9B1829
:108EAC002D221A70164B0993119B472B01DC154B85
:108EBC00099380239E4300230D9303330A930023CD
:108ECC001B9301F03DF8169A179B10001900FAF746
:108EDC001BFA00281CD0179B002B04DA1B2322AA98
:108EEC009B182D221A70084B0993119B472BE0DC21
:108EFC00064BDDE7ECCD0008FFFBFFFFFFFFEF7F2C
:108F0C00E0CD0008DCCD0008E8CD0008E4CD000879
:108F1C00119B612B00D185E05822412B00D182E0BE
:108F2C000A9B013300D1A4E02023119A0D909A439F
:108F3C00472A03D10A9B002B00D19EE080235B00C3
:108F4C0033431B93179B002B00DB98E08022120607
:108F5C009446169B1E93179B63441F932D231C93BF
:108F6C002023119D9D43412D00D001E21E981F9995
:108F7C002AAA01F075F9FF2300229B05F9F7D4FA10
:108F8C00002200230E900F91F7F758FA002801D019
:108F9C0001232A933E4B1293119B612B01D13D4B24
:108FAC0012930A9B099D013B0A9300220E980F997C
:108FBC00394BF9F7B9FA0E900F91FAF7C7F904008B
:108FCC00FAF700FA02000B000E980F99F9F792FDD0
:108FDC002B00129A0135125D0E900F911A700A9B9C
:108FEC00139501335AD00A9B00225C1E0023F7F71D
:108FFC0025FA002849D02B0030200A9AA918CA1A41
:10900C0000D4B2E1012201210A9B0A98DB175242DB
:10901C0090424B410024DBB2A34200D044182B19E0
:10902C00139361E07822302129AB19705A70022316
:10903C001E430A9B632B14DD0B98591CFFF70CFB8A
:10904C000990002812D10C9B9A89402313430C9A47
:10905C0093810C9B9B895B0600D53FE51A985DB00C
:10906C00F0BD00230D9343AB099367E7099B0D9368
:10907C0064E706230D900A9360E70123FBE7169B38
:10908C00179C1E931F94002369E70A948DE7C04632
:10909C00FDCD0008ECCD00080000304000220E98F9
:1090AC000F99D04BF7F7E4F900280BD10E980F99D4
:1090BC000022CC4BF7F7C2F9002800D19BE7E3075D
:1090CC0000D498E73020129B2E95DB7B2E9A013A28
:1090DC002E921178994200D145E14B1CDBB2392913
:1090EC0001D1129B9B7A1370139B099A9B1A0E93B6
:1090FC0044216B462A9A11985B1824398843541ED4
:10910C0001001B7800202A94412902D10F33DBB2D5
:10911C0001302CA90B702B23002C02DA0124023312
:10912C00A41A4B70092C00DCA0E1372522ABED18FA
:10913C0020000A210A95F7F76BF9013D3031200028
:10914C0029700A211294F7F77DF8129B0400632B07
:10915C00EEDC2A220A9B22A8991E121837200B003B
:10916C0030340C7022AC0019834200D279E1002318
:10917C00884204D322AA39339B180A9A9B1A2A22B2
:10918C0022A95218D3182CAA9B1A2293229A0E9B0E
:10919C00944663440A930E9B012B01DCF30704D520
:1091AC00189A0A9B944663440A9380228E4B520071
:1091BC0033401A4300231C001B92129313931C9BE5
:1091CC00002B00D0B3E100231B9E1B931B9B0A9A20
:1091DC001C93934200DA1C921B2322AA9B181B7827
:1091EC005A1E93411C9AD3181C9302233340269386
:1091FC0002231E4202D01C9B02331C938423334057
:10920C00279384231E421FD1199B1C9A9D1A002D53
:10921C001ADD3900319B7548329A013308313860B8
:10922C00102D00DDEFE27D60AD180F00329531930B
:10923C00072B09DD0C990B9830AA00F089FE002849
:10924C0001D000F018FE33AF1B2222A9521811785E
:10925C00329B002914D03A6001229B183293319B27
:10926C007A609B1831930837072B09DD0C990B9802
:10927C0030AA00F06DFE002801D000F0FCFD33AFE9
:10928C00269A329B002A15D029AA3A6002229B18F2
:10929C003293319B7A60013331930837072B09DD08
:1092AC000C990B9830AA00F053FE002801D000F066
:1092BC00E2FD33AF279B802B1FD1199B1C9A9D1A63
:1092CC00002D1ADD3900319B4948329A013308319F
:1092DC003860102D00DDA9E27D60AD180F003295CD
:1092EC003193072B09DD0C990B9830AA00F030FE56
:1092FC00002801D000F0BFFD33AF1B9B0A9A9D1ACA
:10930C00002D1ADD3900319B3948329A013308316E
:10931C003860102D00DD9CE2AA187D6032920F009F
:10932C003193072B09DD0C990B9830AA00F010FE35
:10933C00002801D000F09FFD33AF329B1B93F30547
:10934C0000D5A1E20A9A099B94463B600A9B7B607C
:10935C001B9B63443293319B01333193072B00DD0C
:10936C0078E30837D4E21070B0E61870013346E6A3
:10937C0003230A9C462D06D02C00453C62425441E6
:10938C000A9A013B14192EAA04922BAA03922AAA18
:10939C00029200930B9801941E9A1F9B01F058F8AF
:1093AC000990472D3CD1F30724D42E9B099A2A9C73
:1093BC009B1A0E93472D4BD0462D00D098E60122D8
:1093CC0033000A9913400B43002C6DDD002B00D1A8
:1093DC0086E00A00189BE318D3180A9366231193AE
:1093EC0070E0C0460000E03FFFFBFFFF35CF0008F8
:1093FC0025CF0008099B1B190E9300221E981F995C
:10940C000023F7F71BF8002801D00E9B2E93302277
:10941C002E9B0E999942C8D9591C2E911A70F7E7B8
:10942C00099B1B190E93462DE7D1099B1B78302BFA
:10943C000AD11E981F9900220023F6F7FFFF00287F
:10944C0002D101231B1B2A932A9B0E9AD318D3E714
:10945C00E31C02DB0A9BA34216DA119B023B11931D
:10946C0046E61C780133147001327DE62A2222ABC9
:10947C00D218002804D130232B228B7022ABD218A7
:10948C003034531C14707EE60E9BA34212DD189AE6
:10949C000E9B944663440A9367231193002C11DCB2
:1094AC000A9B1B1B01330CE0002B1BD0189B0A9A48
:1094BC00013391E767230A941193F30702D5189BA4
:1094CC00E3180A9380233200DB001A401392002227
:1094DC0012921E4200D172E6944225DC13926EE683
:1094EC000A947BE766230A921193EBE7A3420EDA08
:1094FC00E41A149B5B78002B12D0139B013313934B
:10950C00149B01331493149B1B78FF2BEED1129AEE
:10951C00139B9B181D9A53430A9A9B180A934EE669
:10952C00129B01331293EEE7129B1393EBE71B2371
:10953C0022AA9B182D221A7045E6B30609D523687A
:10954C001A9A1A60D2175A600434159B0993FFF7C4
:10955C00DDFAF30603D523681A9A1A60F4E773064A
:10956C0003D523681A9A1A80EEE7B605F3D523685B
:10957C001A9A1A70E8E710231E4320233000184073
:10958C001E4210D0193B07349C43220018CA069384
:10959C0007941092B84B1E4000231B2222A952188C
:1095AC000021FFF726FC220008CA3100109210227D
:1095BC001140164202D006930790EBE74022300090
:1095CC001040164203D09BB206930791E2E780222B
:1095DC003100920011401642F6D0DBB2EBE72300CB
:1095EC0004CBA649069229AA1180A54A1093002300
:1095FC0023927822079302331E431192CDE7230066
:10960C0004CB002410931B23099222AA9B181C70D4
:10961C000A9BA34210DB1A002100099800F015FEEA
:10962C000D90A04200D1EBE0099A0D94831A0A9395
:10963C001B9412941394C9E50998F6F75DFD230069
:10964C000A900D943CE410231E4320233000184054
:10965C001E4209D0193B07349C43220018CA0693BA
:10966C0007941092012398E7230004CB3100109348
:10967C00102319401E4203D0069207900F3B8CE733
:10968C004023300018401E4203D093B2069307913A
:10969C00E8E7802331009B0019401E4203D0D3B26F
:1096AC0006930790DEE70692F1E7764BFFF7CAFACE
:1096BC00230004CB31001093102319401E4203D019
:1096CC0006920790FFF7CEFA4023300018401E4256
:1096DC0004D093B206930791FFF7C4FA80233100AC
:1096EC009B0019401E4202D0D3B20693E9E70692C2
:1096FC00F1E7079B002B0CD1069B092B09D8069B85
:10970C003033DBB2E72222A952181370099200F011
:10971C000EFC00230E938023DB0023405CAE0D93E4
:10972C000A22069807990023F6F7B6FE731E30320C
:10973C0009931A700E9B050001330E930D9B129129
:10974C00002B23D0149B0E9A1B789A421ED1FF2A11
:10975C001CD0079B002B03D1069B092B00D8E6E3FA
:10976C00099B1D9A21999B1A1800099300F024FD5E
:10977C000022149B0E925B785A1E9341149AD318B4
:10978C001493129B099E06950793C9E7079B002B20
:10979C00F7D1069B092BF4D8C9E30F205CAB0993D6
:1097AC00099B239A013B0993069B0340D35C099ABE
:1097BC001370079B1907069B1A09079B11431B097A
:1097CC0007930B00079A06911343E9D1AFE35CAA08
:1097DC000992002B00D0AAE3F60700D4A7E330339C
:1097EC0090E7119B002B00D166E3119A1B2143AB30
:1097FC001A70002222A809180A701094FFF7D4FAE4
:10980C000D9BFFF75DFB102012187860329231939C
:10981C00072B08DD0C990B9830AA00F099FB002857
:10982C0000D028E333A90F00103DF2E410201218E9
:10983C00786032923193072B08DD0C990B9830AA83
:10984C0000F086FB002800D015E333A90F00103D73
:10985C0038E510201218786032923193072B08DD0E
:10986C000C990B9830AA00F073FB002800D002E38F
:10987C0033A90F00103D45E5FFFBFFFF30780000DA
:10988C00ECCD0008FDCD0008119B652B00DC3FE200
:10989C001698179900220023F6F7D0FD002878D0EF
:1098AC007A4B3B6001237B601B9B0837013332935F
:1098BC00319B01333193072B08DD0C990B9830AA9F
:1098CC0000F046FB002800D0D5E233AF2A9B0E9A5D
:1098DC00934201DBF3071BD5209B189A3B60189B26
:1098EC007B60329B08379B183293319B0133319349
:1098FC00072B08DD0C990B9830AA00F029FB0028E7
:10990C0000D0B8E233AF0E9B10255C1E002C2FDC70
:10991C00760700D592E2199B1C9A934200DA130049
:10992C001A9AD3181A93329B002B07D00C990B98C8
:10993C0030AA00F00DFB002800D09CE200233193EC
:10994C000D9B002B00D0B2E2109C33AFFDE5103222
:10995C007D6032923193072B08DD0C990B9830AA5D
:10996C0000F0F6FA002800D085E233A90F00103C75
:10997C003900319B4648329A013308313860102C3B
:10998C00E5DC7C60A4180F0032943193072BBFDD0B
:10999C0060E02A9B002B00DD7CE03C4B3B6001230C
:1099AC007B601B9B083701333293319B013331931E
:1099BC00072B08DD0C990B9830AA00F0C9FA002887
:1099CC0000D058E233AF0E992A9B329A0B430121F7
:1099DC0031400B439CD0209B3B60189B7B609A18BA
:1099EC00319B3292013331930837072B08DD0C99E8
:1099FC000B9830AA00F0ACFA002800D03BE233AF51
:109A0C002A9C002C19DA3800102564423199204A1E
:109A1C00329B013108370260102C25DC4460E418BD
:109A2C0032943191072908DD0C990B9830AA00F07B
:109A3C008FFA002800D01EE233AF099B329A3B60AC
:109A4C000E9BD2183292319A7B6001323192072AE6
:109A5C0000DC86E40C990B9830AA00F079FA002807
:109A6C0000D008E233AF53E71033456032933191A5
:109A7C00072908DD0C990B9830AA00F069FA002828
:109A8C0000D0F8E133AF3800103CBFE70ECE000831
:109A9C0025CF00080E9B25009C4200DD1D00002DEB
:109AAC0014DD099B7D603B601B9B0837EB183293E0
:109ABC00319B01333193072B08DD0C990B9830AA9D
:109ACC0000F046FA002800D0D5E133AFEB43DB17AA
:109ADC001D40651B002D19DD3900319BCB48329A96
:109AEC00013308313860102D00DD83E07D60AD1846
:109AFC000F0032953193072B08DD0C990B9830AA87
:109B0C0000F026FA002800D0B5E133AF099B1C19F0
:109B1C0073050BD5139B002B7FDC129B002B7FDC7A
:109B2C00099B0E9A9B189C4200D91C002A9B0E9AEA
:109B3C00934201DBF30716D5209B189A3B60189BC8
:109B4C007B60329B08379B183293319B01333193E6
:109B5C00072B08DD0C990B9830AA00F0F9F90028B6
:109B6C0000D088E133AF0E9A099B94462A9D63443A
:109B7C001B1B551B9D4200DD1D00329B002D12DD71
:109B8C00EB183293319B3C6001337D603193083785
:109B9C00072B08DD0C990B9830AA00F0D9F9002896
:109BAC0000D068E133AF0E9B2A9C1C1BEB43DB17E8
:109BBC001D40641B1025002C00DCA9E63900319BEC
:109BCC009248329A013308313860102C00DCD8E608
:109BDC0010327D6032923193072B08DD0C990B9873
:109BEC0030AA00F0B5F9002800D044E133A90F00E9
:109BFC00103CE3E710201218786032923193072B57
:109C0C0008DD0C990B9830AA00F0A2F9002800D0BE
:109C1C0031E133A90F00103D5EE7129B002B5DDD97
:109C2C00129B013B1293219B1D9A3B601D9B7B60F9
:109C3C00329B08379B183293319B01333193072B9E
:109C4C0008DD0C990B9830AA00F082F9002800D09E
:109C5C0011E133AF099B0E9A9D18149B2D1B1B7899
:109C6C009D4200DD1D00329B002D12DDEB1832935E
:109C7C00319B3C6001337D6031930837072B08DD45
:109C8C000C990B9830AA00F063F9002800D0F2E090
:109C9C0033AF149B1A78EB43DB171D40551B002D7B
:109CAC0018DD3900319B5948329A0133083138603C
:109CBC00102D1ADC7D60AD180F0032953193072BF7
:109CCC0008DD0C990B9830AA00F042F9002800D05E
:109CDC00D1E033AF149B1B78E4181BE7149B013BBA
:109CEC001493139B013B13939DE71020121878607B
:109CFC0032923193072B08DD0C990B9830AA00F0A7
:109D0C0027F9002800D0B6E033A90F00103DC8E7B2
:109D1C003C001B99319B0E9A013101330834012A06
:109D2C0003DC0122164200D183E0099A32913A6099
:109D3C00012231937A60072B08DD0C990B9830AA1D
:109D4C0000F006F9002800D095E033AC209B189A5F
:109D5C002360189B6360329B08349B183293319BB1
:109D6C0001333193072B08DD0C990B9830AA00F0C6
:109D7C00EFF8002800D07EE033AC319B002216981F
:109D8C0017990A930E9B329F5D1E0023F6F756FB24
:109D9C00002826D1099B0A9A01330E9923607B1E59
:109DAC0001325B186560329331920834072A07DD63
:109DBC000C990B9830AA00F0CBF800285BD133AC8F
:109DCC002CAB2360229B229A6360329B9B183293AC
:109DDC00319B01333193072B00DD3BE60834270020
:109DEC0096E50E9B1027012BEADD2100319B0748DD
:109DFC00329A013308312060102D09DC65600C00AB
:109E0C00AD1832953193072BDADDD1E725CF000859
:109E1C001032676032923193072B07DD0C990B9847
:109E2C0030AA00F095F8002825D133A90C00103D7C
:109E3C00DBE70998329105C73193E4E7199B1C9A2B
:109E4C0010259C1A002C00DC65E5319B3F49329AA9
:109E5C0001333960102C19DC7C60A41832943193D6
:109E6C00072B00DC57E50C990B9830AA00F070F822
:109E7C00002800D14FE50D9B002B01D1FFF7E9F82D
:109E8C0019000B98FEF736FBFFF7E3F810327D60F4
:109E9C00329231930837072B07DD0C990B9830AAB7
:109EAC0000F056F80028E6D133AF103CCDE70D9901
:109EBC000B98FEF71FFB47E5329B002B01D1FFF7F8
:109ECC00C8F80C990B9830AA00F042F8FFF7C1F8CB
:109EDC003400002A01D1FEF7A1FF012B01D1FFF7BD
:109EEC0008FC022B00D158E407255CAB0993099AB6
:109EFC001300013B0993069B09992B4030330B70DF
:109F0C0007994E070699C80807990643C90807918F
:109F1C003100079806960143E9D1E10707D5302BAC
:109F2C0005D03021099B013B1970931E09930A9BA4
:109F3C00099A1B935CAB9B1A0A93002326000D9382
:109F4C001C0012931393FFF741F9C04635CF00085C
:109F5C00F7B50E00140015680190A368002B04D10E
:109F6C0000200023A3606360FEBD63685A1E62601C
:109F7C00002BF5DD6F68002F0AD03B0031002A68FA
:109F8C00019801F085FB431CEBD0A368DB1BA3609D
:109F9C000835E2E770B505000C1E1AD0002804D075
:109FAC00436B002B01D1FEF701F90C22A35E626E0C
:109FBC00D20704D49B050FD4A06DFEF72FFA0C2208
:109FCC00A35E002B08D1636EDB0702D4A06DFEF7F5
:109FDC0026FA0026300070BD2100280000F036F86B
:109FEC00E36A0600002B06D02800E1699847002898
:109FFC0001DA01267642A3891B0603D528002169C4
:10A00C00FEF778FA216B002908D0230040339942DF
:10A01C0002D02800FEF76EFA00232363616C00293E
:10A02C0004D02800FEF766FA00236364FEF7AEF84E
:10A03C000023A381636EDB0702D4A06DFEF7EFF95A
:10A04C00A06DFEF7EAF9FEF7A9F8C3E7F7B50C2205
:10A05C008B5E05000C001A075ED4802212011A4395
:10A06C008A814A68002A02DCCA6B002A52DDA76A80
:10A07C00002F4FD0002280202E682A601A00400149
:10A08C00E1690240034237D0226DA3895B0706D5F4
:10A09C006368D21A236B002B01D0E36BD21A002316
:10A0AC002800A76AE169B847431C06D12A681D2A13
:10A0BC004AD82C4BD340DB0746D50C22A35E2A4A48
:10A0CC001A40A2810022626022692260DB0405D55D
:10A0DC00431C02D12B68002B00D12065216B2E6014
:10A0EC00002917D023004033994202D02800FEF7F4
:10A0FC0001FA002323630DE001232800B847020076
:10A10C00431CC2D12B68002BBFD01D2B01D0162BAA
:10A11C001AD12E6000201EE00E69002EFAD00F68B6
:10A12C000E60BA1B019200229B0700D14A69A26003
:10A13C00019B002BEEDD636A32001F002800019B9F
:10A14C00E169B847002807DC40230120A28940427E
:10A15C0013431BB2A381FEBD019B36181B1A01933E
:10A16C00E6E7C04601004020FFF7FFFF70B5050091
:10A17C000C00002804D0436B002B01D1FEF716F81D
:10A18C000C22A35E1E1E15D0626ED20704D49B0552
:10A19C0002D4A06DFEF742F921002800FFF756FF0C
:10A1AC00636E0600DB0705D4A3899B0502D4A06D62
:10A1BC00FEF735F9300070BD030030B51D00002AE4
:10A1CC0006D00C78013A01332C700131002CF5D1FA
:10A1DC0000219A18934200D130BD19700133F9E770
:10A1EC000048704764060020002370B5064D04003B
:10A1FC0008002B60F9F730FF431C03D12B68002BB0
:10A20C0000D0236070BDC0468C09002070B5074C8F
:10A21C00074D641BA410002C02D102F0EBFC70BDA6
:10A22C00013CA300EB589847F5E7C04680D10008E5
:10A23C007CD10008802310B5082804D0FEF7C2F8A2
:10A24C0016230360173B180010BDC9B28218904248
:10A25C0001D10020704703788B42FBD00130F6E728
:10A26C0070B5140000252560104D4B000A005B08EA
:10A27C00AB421AD81D00054317D00D4D294209D108
:10A28C0000220C4BF8F750F936250A004B006D42B2
:10A29C005B082560084D1B155B192568EB182360BE
:10A2AC00064B1A40064B1343190070BDFFFFEF7F9E
:10A2BC000000F07F0000504302FCFFFFFFFF0F8007
:10A2CC000000E03FF7B51C4F0400386816000193FE
:10A2DC000091FEF7A3F8194A1368002B01D1184B13
:10A2EC0013605A6838681F2A04DDFEF798F80120BD
:10A2FC004042FEBD002C14D0910059180F00883735
:10A30C003E6001271E0097408536FF367568FC318C
:10A31C003D437560019DCD60022C02D1B16839437B
:10A32C00B160511C5960023200999200D150FEF775
:10A33C0076F80020DDE7C04660010020940900207B
:10A34C00CC090020F0B503690C6989B00390069123
:10A35C000020A34263DB0B00013C1433A5000493E3
:10A36C005B190593039B143301935D19059B2F68AF
:10A37C001E68380001363100F5F7DAFE0290B7425C
:10A38C0027D3049B00279C46019E0797624608CA68
:10A39C0030689446029A99B251431B0C5343C91925
:10A3AC000A0C9B1889B282B2521A07991F0C5218C8
:10A3BC00000C9BB21114C31A5B18191492B21B0433
:10A3CC001A43059B079104C66345DFD22B68002B0B
:10A3DC002BD00699039801F045F800281EDB0026C7
:10A3EC00019D049901C92B6887B29AB2D21B9219AC
:10A3FC00000C1B0C1B1A10141B181E1492B21B04FD
:10A40C001A43059B04C58B42ECD2019AA300D318C6
:10A41C001A68002A14D0029B01330293029809B0E7
:10A42C00F0BD2B68002B04D1013C019B043DAB42D9
:10A43C00F7D3039B1C61CCE71A68002A04D1013CBA
:10A44C00019A043B9A42F7D3039B1C61E3E700009B
:10A45C00F0B514001D00816B9DB00A940B95259EE0
:10A46C000390002909D00123C26B93404A608B6092
:10A47C0000F0EAFD0023039A9363002D1EDA0123FA
:10A48C0033606B005B080B930B9FB64BB54A3B409C
:10A49C00934216D1B44B249A13603B031B0B2343FA
:10A4AC0001D100F07BFDB14B269A0893002A02D013
:10A4BC00AF4B269A136008981DB0F0BD0023336093
:10A4CC00E2E70A9A0B9B12921393129813990022AB
:10A4DC000023F5F7B3FF061E0BD00123249A13605B
:10A4EC00269B002B02D0A34B269A1360A24B0893F9
:10A4FC00E1E71AAB01931BAB00930398129A139BE1
:10A50C0001F066F87A000590520D00D17BE0139BA8
:10A51C0018961903994B090B0B4399495718129824
:10A52C00139919000022974BF8F7E4FA964A974BC7
:10A53C00F7F7FAFF964A974BF6F7F6FF0400380048
:10A54C000D00F8F73FFF944A944BF7F7EDFF02002C
:10A55C000B0020002900F6F7E7FF04000D00F8F7C8
:10A56C00F5FE00220490002320002900F5F76CFF73
:10A57C0000280BD00498F8F725FF2B002200F5F7E4
:10A58C005DFF43425841049B1B1A0493012315930E
:10A59C00049B162B10D812981399049A804BD20056
:10A5AC009B181A685B68F5F74FFF002847D0049B8F
:10A5BC00013B04930023159300221A9B0692DB1B8C
:10A5CC005A1E3ED50122D31A069300230D93049BE9
:10A5DC00002B38DB049A0D9B944663440D930023A7
:10A5EC0014920F93229B0124092B62D8052B02DDB8
:10A5FC000024043B2293229B981E032863D8F5F772
:10A60C0083FD5456382B1B9B1A9EF618654BF2187B
:10A61C00202A0FDD40239B1A9F40634B3800F31810
:10A62C00DC402043F8F7FCFE0122604B771ECB1870
:10A63C00189276E7202320009B1A9840F2E7159099
:10A64C00BAE70D92C3E7069B049A9B1A06935342F2
:10A65C000F9300231493C5E70123239A1093944678
:10A66C00049B63440E9301330993002B08DC0123F4
:10A67C0006E001231093239B002B28DD0E930993F6
:10A68C000021042210001430984225D9039B180095
:10A69C00D96300F0B1FC0890002820D1B021444BC4
:10A6AC004448089AFF3101F06FF80023E2E70023D9
:10A6BC00D3E7002310942293013B00220E930993BD
:10A6CC0013332392DCE701231093023BF5E70123BC
:10A6DC001A000E930993F4E701315200D2E7039B61
:10A6EC00089A9A63099B0E2B00D9D4E0002C00D158
:10A6FC00D1E0049B002B61DD0F21049A284B0A400A
:10A70C00D2009B181E685F68049B02241D11DB0598
:10A71C000AD5294B0D401A6A5B6A12981399F7F700
:10A72C00C9FA0A900B910134234B0C93002D08D1DC
:10A73C000A980B9932003B00F7F7BCFA0A900B9180
:10A74C0057E001231D4209D0E4180C9B30001A6815
:10A75C005B683900F7F7E8FE06000F000C9B6D10E4
:10A76C000833E2E70000F07F0F27000019CE000845
:10A77C001CCE00080FCE00080ECE00080000F03FE3
:10A78C0001FCFFFF0000F83F61436F63A787D23FD6
:10A79C00B3C8608B288AC63FFB799F501344D33FC4
:10A7AC0080CF00083204000012040000000010FEEC
:10A7BC001DCE00082ECE000858CF0008049B0224A2
:10A7CC00002B16D0129813990F225D422A40D54BBC
:10A7DC00D2009B181A685B68F7F7A6FE01270023C6
:10A7EC000A900B91D04E2D11002D00D095E0002B2E
:10A7FC00A4D10A9E0B9F159B002B00D198E0002240
:10A80C0030003900C94BF5F71FFE002800D18FE04E
:10A81C00099B002B00D18BE00E9B002B37DD049B9A
:10A82C000022013B0C933000C14B3900F7F77CFE42
:10A83C000A900B910E9B013420001193F8F7C2FD86
:10A84C000A9A0B9BF7F770FEBA4B0022F6F76CFED8
:10A85C00B94B0600CF18119B002B6DD10A980B99A0
:10A86C000022B64BF8F746F932003B0004000D000D
:10A87C00F5F7FEFD002800D0B5E2802109067B1813
:10A88C00320020002900F5F7DFFD002828D1129BAB
:10A89C00139C0A930B941B9B002B00DA74E1049A13
:10A8AC000E2A00DD70E19F4BD2009B185C681B6880
:10A8BC0006930794239B002B00DBE7E0099B002BFE
:10A8CC0000DDE3E00CD10698079900229B4BF7F7CB
:10A8DC002BFE0A9A0B9BF5F7D5FD002800D185E2DB
:10A8EC0000263700239B089CDB430C93049700271E
:10A8FC003100039800F0A8FB049B002B00D1BBE0B7
:10A90C00002F05D09F4203D03900039800F09CFB28
:10A91C000499039800F098FBAEE03D4205D03268F4
:10A92C007368F7F701FE3B0001346D1008365BE7E6
:10A93C00049B0C93099B7FE7119A7A4B013AD20046
:10A94C0010999B181A685B6800294CD000207C4930
:10A95C00F7F7B0F932003B00F8F7CCF8089A06008C
:10A96C0094460F00089B1693119B634411930A980D
:10A97C000B99F8F7EBFC0500F8F724FD02000B002F
:10A98C000A980B99F8F7B6F8169B30355C1C1D70BD
:10A99C0032003B000A900B91F5F756FD00286BD165
:10A9AC000A9A0B9B00206149F8F7A4F832003B008F
:10A9BC00F5F74AFD002800D0C6E0119BA34200D158
:10A9CC0065E7002230003900594BF7F7ADFD002246
:10A9DC0006000F000A980B99554BF7F7A5FD169436
:10A9EC000A900B91C3E730003900F7F79DFD089DE5
:10A9FC00119A2B00944616901791634419930A9858
:10AA0C000B99F8F7A3FC0400F8F7DCFC0B00020030
:10AA1C000A980B99F8F76EF83034199B2C700135A5
:10AA2C0006000F00AB422AD116981799089B119C6F
:10AA3C009C460022424B6444F6F776FD02000B0064
:10AA4C0030003900F5F714FD002800D07CE0169A90
:10AA5C00179B00203A49F8F74DF802000B00300024
:10AA6C003900F5F7F1FC002800D110E72300013C78
:10AA7C002278302AFAD01C000C9B049342E000226E
:10AA8C002B4BF7F751FD0A900B91B8E7099B089DEA
:10AA9C00013B5B190A9E0B9F0A93069A079B300099
:10AAAC003900F7F707F9F8F751FC0990F8F78AFC29
:10AABC00069A079BF7F738FD02000B0030003900AF
:10AACC00F8F718F82B00099A013530321A700A9AE7
:10AADC002C009A424BD102000B00F6F725FD069A8A
:10AAEC00079B06000F00F5F7C3FC00282AD1069A35
:10AAFC00079B30003900F5F7A1FC002802D0099B18
:10AB0C00DD071FD40599039800F09EFA00232370EB
:10AB1C00049B249A01331360269B002B00D1CAE4BA
:10AB2C001C60C8E480CF000858CF00080000F03F3C
:10AB3C000000244000001C400000C0FC0000144039
:10AB4C000000E03F049B0C9323001C00013B1A788F
:10AB5C00392A08D1089A9A42F7D10C9A08990132ED
:10AB6C000C9230220A701A7801321A7084E7002293
:10AB7C00C54BF7F7D9FC0022002306000F00F5F7B0
:10AB8C005DFC002889D0BDE7109F0F9D069C002F0F
:10AB9C0014D0229A012A00DDE4E0189A002A00D190
:10ABAC00DAE0BA4A9B18069A0121D21806920D9A3D
:10ABBC000398D3180D9300F0E5FA0700002C0ED083
:10ABCC000D9B002B0BDD0D9A2300944200DD13002E
:10ABDC00069AE41AD21A06920D9AD31A0D930F9B69
:10ABEC00002B21D0109B002B00D1D3E0059E002D13
:10ABFC0014D039002A00039800F086FB059A010056
:10AC0C000700039800F0D6FA06000599039800F0A7
:10AC1C001BFA0F9B05965B1B0F9305D031000F9A07
:10AC2C00039800F071FB05900121039800F0AAFA3B
:10AC3C00149B0600002B00D1BAE11A000100039806
:10AC4C0000F062FB229B06000025012B16DC002580
:10AC5C000A9BAB420ED10B9B1B03AB420AD18C4B14
:10AC6C000B9A134206D0069B0135013306930D9BBC
:10AC7C0001330D93149B0120002B08D0336903334F
:10AC8C009B00F318586800F02DFA2023181A0D9B1E
:10AC9C00181802001F231A40184200D181E001331A
:10ACAC009B1A042B79DD1C239B1A069AE418D218E4
:10ACBC0006920D9AD3180D93069B002B05DD1A00F6
:10ACCC000599039800F062FB05900D9B002B05DDA8
:10ACDC0031001A00039800F059FB0600159B002B5D
:10ACEC0061D03100059800F0BDFB00285BDA049BB5
:10ACFC000A22013B0C9305990023039800F0AEF94E
:10AD0C00109B0590002B00D159E1002339000A2239
:10AD1C00039800F0A3F90E9B0700002B4DDC229B3F
:10AD2C00022B46DD0E9B002B00D0DBE5310005220B
:10AD3C00039800F093F906000100059800F092FBCF
:10AD4C00002800DCCEE5089B089A5C1C31231370AC
:10AD5C000C9B01330C93C9E536231A9A0F9D9B1A51
:10AD6C00069C20E7099B5D1E0F9BAB4208DB5D1B1D
:10AD7C00099B002BF4DA069B099A9C1A002312E714
:10AD8C000F9B149AEB1AD31814930F95069C00255D
:10AD9C00099B08E70F9A059942E7042B8CD01C33CA
:10ADAC0083E71300FBE7049B0C93099B0E93002B8A
:10ADBC00B5DD109B002B00D105E1002C05DD390021
:10ADCC002200039800F0E2FA07000497002D1FD030
:10ADDC007968039800F010F9041E0BD122002D4B5A
:10ADEC002D482E495FE4119E3700ACE7049B099E69
:10ADFC000C93F9E739003A690C31023292000C30AD
:10AE0C0000F0B8FC01222100039800F0BFFA049076
:10AE1C00089B0E9A0693013B9B1801220F930A9BE9
:10AE2C0013400E9331000598FFF78CFA390005009A
:10AE3C000A90059800F016FB049A0D9031000398C7
:10AE4C0000F02CFB0122C368040030350992002B62
:10AE5C0004D10100059800F005FB0990210003982E
:10AE6C0000F0F2F8069B229A5C1C099B13430E9A85
:10AE7C00134315D1392D2ED00D9B002B01DD0A9DCE
:10AE8C003135069B1D7033E500002440330400006F
:10AE9C000000F07F1DCE00082ECE0008EF0200004F
:10AEAC000D9B002B04DB229A13430E9A13431ED1E5
:10AEBC00099B002BE5DD05990122039800F066FA49
:10AECC003100059000F0CEFA002802DCD9D1EB0756
:10AEDC00D7D5392DD3D13923069A137023001C00F2
:10AEEC00013B1A78392A50D001321A7000E5099BBF
:10AEFC00002B03DD392DEED00135C2E7069B069AF7
:10AF0C001D700F9B93422BD000230A2205990398A6
:10AF1C0000F0A4F8049B05909F4209D1390000234E
:10AF2C000A22039800F09AF807000490069479E737
:10AF3C00390000230A22039800F090F80023070040
:10AF4C000A220499039800F089F80490EEE70E9B0E
:10AF5C000124002B00DD1C0004970027089B1C1902
:10AF6C0005990122039800F011FA3100059000F0C8
:10AF7C0079FA0028B2DC01D1ED07AFD423001C0014
:10AF8C00013B1A78302AFAD0B2E4089A9A42A6D138
:10AF9C000C9B01330C9331231370A9E4144B269AA8
:10AFAC000893144B002A01D0FFF783FAFFF783FABA
:10AFBC00229B012B00DC4AE60120149D67E60E9BC8
:10AFCC00002B00DCABE6002431000598FFF7BAF942
:10AFDC00089B303018550E9B01340500A342B6DD9A
:10AFEC0000230A220599039800F038F80590EBE746
:10AFFC0010CE000818CE0008436C70B506000C008B
:10B00C00002B12D0736CA2009B181868002815D165
:10B01C0001210D00A5406A1D3000920000F0D2FB0A
:10B02C00002809D0446085600AE02122042100F048
:10B03C00C9FB70640028E5D1002070BD02681A605D
:10B04C0000230361C360F8E7002906D04A68436C0B
:10B05C0092009B181A680A6019607047F7B50F00C8
:10B06C0001900C001E0000200D6914373B68013064
:10B07C0099B251431B0C534389190E0C9B191E0C8E
:10B08C0089B21B045B1808C78542EFDC002E22D066
:10B09C00A368AB4219DC616801980131FFF7ACFF82
:10B0AC00071E05D13A00BA210C4B0D4800F06CFB81
:10B0BC00210022690C31023292000C3000F05AFB54
:10B0CC0021000198FFF7C0FF3C002B1D9B00E318EB
:10B0DC0001355E6025612000FEBDC0461DCE000816
:10B0EC0086CE00088022030052020020934201D237
:10B0FC001B04103080225204934201D208301B02F0
:10B10C0080225205934201D204301B018022D205C9
:10B11C00934201D202309B00002B03DB013013421F
:10B12C0000D120207047036801000722180010404E
:10B13C0013420DD0063A0020134205D102300342CF
:10B14C0003D0D34010000B6070479B080B60FBE7EB
:10B15C009AB2002A01D110201B0CDAB2002A01D1BC
:10B16C0008301B0A1A0701D104301B099A0701D1B8
:10B17C0002309B08DA07E9D401305B08E6D12020C5
:10B18C00E2E7000010B50C000121FFF735FF0028A5
:10B19C0007D14621054C0200054B2000FF3100F081
:10B1AC00F3FA01234461036110BDC04686CE00084A
:10B1BC001DCE0008F0B514000A6923690D0089B092
:10B1CC009A4202DB23000C001D0027692E6961687E
:10B1DC00BB190093A368BA19934200DA0131FFF747
:10B1EC000BFF8446002806D1B1216246444B4548EA
:10B1FC00490000F0C9FA0200BB1914329B00D318A5
:10B20C000193002113000198834228D32300BF002F
:10B21C00143304931435DB19B6000293AB1907935E
:10B22C0004230593230002991533994205D30C1B73
:10B23C00153CA4080134A3000593079B9D4210D331
:10B24C00009B002B05DD019B043B01931B68002B2D
:10B25C0052D063466046009A1A6109B0F0BD02C331
:10B26C00D1E72C68A4B2002C1FD000231700049E39
:10B27C00039308CE396806936B461B8B88B26343E5
:10B28C001B180398090C1B180698000C60434018F7
:10B29C00190C4118080C9BB209041943029B03902A
:10B2AC0002C7B342E5D8059BD0502C68240C20D0A3
:10B2BC00002110001368049E03913168076889B25D
:10B2CC0061433F0CC919039F9BB2C9190F041F435B
:10B2DC00076080CE43683F0C67439BB2090CFB1898
:10B2EC005B18190C039102990430B142E5D8059909
:10B2FC00535004350432A0E7009B013B00939FE7B9
:10B30C001DCE000886CE0008F7B5032315000700F4
:10B31C000E001A401D4208D01A49013A92005258A8
:10B32C0000233100FFF79AFE0600AD1027D03C6CCD
:10B33C00002C07D138001449FFF724FF0023040028
:10B34C003864036001231D420AD03100220038000A
:10B35C00FFF730FF310001903800FFF775FE019EBA
:10B36C006D100CD02068002807D122002100380075
:10B37C00FFF720FF0023206003600400E2E73000A9
:10B38C00FEBDC04648CF000871020000F0B50C00AD
:10B39C0016002369571185B0FB18019301330093F4
:10B3AC004968A3680290009A934210DB0298FFF759
:10B3BC0023FE0023010005001A00143198420CD121
:10B3CC00EF212A00254B2648490000F0DDF9013118
:10B3DC005B00E8E798000A500133BB42FADBFB4301
:10B3EC00DB171F40BF0023001F20C919370022693B
:10B3FC00143392009A180740064229D00130C01B22
:10B40C0003908C4600201E68BE400643604640C038
:10B41C008446039E01CBF0409A42F4D826001536A0
:10B42C000423B24204D3131B153B9B0801339B002E
:10B43C00C850002802D0019B02330093009B029855
:10B44C00013B21002B61FFF7FFFD280005B0F0BD8B
:10B45C0001CB01C19A42FBD8F0E7C0461DCE0008D3
:10B46C0086CE000830B50B6904690200E01A9C42D4
:10B47C000FD114329B0014311400C918D218043A9D
:10B48C00043915680B689D4204D001209D4200D2FE
:10B49C00023830BD9442F2D3FBE70000F0B50C004B
:10B4AC0087B00090110020001700FFF7DBFF051E8E
:10B4BC0010D101000098FFF79FFD021E04D1404BF4
:10B4CC004048414900F060F90123456103611000D7
:10B4DC0007B0F0BD0026B04203DA23003C001F0089
:10B4EC00013661680098FFF787FD021E03D1344BCB
:10B4FC0034483649E6E72369143400939B00E3187B
:10B50C00210001943C0002933B6914349B00E31826
:10B51C0003930300C6608C460020143304930593F8
:10B52C00634620CBA9B20E009C4608CC2D0C99B2D8
:10B53C00711A09181B0C0814EB1A1B18181489B271
:10B54C001B041943059B02C30593039BA342E7D835
:10B55C003900039C153104238C4204D3E31B153BA7
:10B56C009B0801339B000199CD1804992E00CB1830
:10B57C001F0002998E4211D3029CE91E00208C42BE
:10B58C0004D321000331491B890888001B18043B94
:10B59C001968002910D0009B136198E7844602CEED
:10B5AC0088B2604400140C0C04196144201489B254
:10B5BC002404214302C7DCE7009901390091E6E736
:10B5CC001DCE000886CE00083702000045020000A0
:10B5DC00F7B5012116001F00FFF70EFD041E05D163
:10B5EC002200254B2548264900F0CEF83B037D0070
:10B5FC001B0B6D0D02D08022520313430193002EBE
:10B60C0025D068460096FFF78EFD019B0099002817
:10B61C001BD020221E00121A96403200C3400A434F
:10B62C0062610193019EA661731E9E4101362661E3
:10B63C00002D14D03526134BED18089B2D181D60CA
:10B64C00099B361A1E602000FEBD6161EAE701A865
:10B65C00FFF769FD019B012663612030E7E70A4B88
:10B66C00C018089B1860094BF3189B00E318586925
:10B67C00FFF738FD7601E3E71DCE000886CE000803
:10B68C000F030000CDFBFFFFCEFBFFFFFFFFFF3FD3
:10B69C00F0B58E6885B01F000C000B680290039209
:10B6AC00BE4230D80C21625E9021C9000A4228D0DB
:10B6BC00032021695B1A0193636943430198DD0FF1
:10B6CC00ED187B1C1B186D10AB4200D91D005205E8
:10B6DC0028D529000298FCF7BFFF061E2CD0019A32
:10B6EC00216900F047F8A289184B1A4080231343B4
:10B6FC00A381019B2661F61826603E006561ED1A58
:10B70C00A560BE4200D93E0032000399206800F0CB
:10B71C001FF80020A3689B1BA36023689B19236060
:10B72C0005B0F0BD2A00029800F0ACF8061EE0D17E
:10B73C0021690298FCF7DEFE0C230120029A40429C
:10B74C001360A28934331343A381E9E77FFBFFFF26
:10B75C0010B5884202D98B18984208D300239A421C
:10B76C0007D0CC5CC4540133F9E78B5C8354013AA9
:10B77C00FBD210BD002310B59A4200D110BDCC5C99
:10B78C00C4540133F8E700007FB514001A00094BCC
:10B79C0005001B680E00D868074B002C01D1074B25
:10B7AC001C000749019302942B00009600F022FA2A
:10B7BC0001F034F918000020E9CE000824CF00086D
:10B7CC00F6CE0008F8B500240B0C160CA34233D1AE
:10B7DC00A64221D18BB291B25943FCF73DFF051E15
:10B7EC0032D00300083B5A6803239A43043A242AB4
:10B7FC0032D80300132A0AD90460446008331B2A88
:10B80C0005D98460C460242A21D00300103300229F
:10B81C001A605A609A6018E0331C0D1C89B292B2FF
:10B82C009BB24A43ADB25D43110C69180B0C07D1A6
:10B83C00090492B21143D0E7002E01D1151CEDE79B
:10B84C00FCF7C0FD0C23036000252800F8BD0300A5
:10B85C00046118334461DAE70021FCF75DFDF4E77D
:10B86C0082B0002900D101A9101E06D0002B06D0F1
:10B87C0013780B601078431E984102B07047022079
:10B88C004042FAE7F0B587B00C1E0390059206D142
:10B89C001100FCF7E1FE0700380007B0F0BD03987B
:10B8AC00FDF7EAF82300083B5F6802933A00032394
:10B8BC009A43059B04920B33162B08D9072293430A
:10B8CC00019306D50C23039A13600027E4E7102399
:10B8DC000193059B019A9342F4D8049B019A9342DD
:10B8EC0000DB6DE1049A029BBA489B18826894466F
:10B8FC005A689C4506D001251100A943591849687E
:10B90C00294244D103218A4304998E1801999C45FC
:10B91C0017D11031B1423CDC019A01219446B61A80
:10B92C002200029B0E4363448360083A5E605368B6
:10B93C0003980B4061460B435360FDF7A5F82700B5
:10B94C00AAE7B14225DCDA689B68DA609360019B58
:10B95C00029AF41A029B92195868012318400F2C72
:10B96C0000D82FE1019D029928434919029D1C43DF
:10B97C0068604C6050680831034353600398FCF7CF
:10B98C00B9FD0398FDF780F8029F083784E7002281
:10B99C001300FF0700D5C6E02100032008390D680D
:10B9AC0002994D1B6968814304980F18002B00D134
:10B9BC0084E0D6199C4548D1019B1033B3427DDC01
:10B9CC00AA68EB682F00D3609A600200043A08372B
:10B9DC00242A35D83B00132A08D92368AB60636846
:10B9EC00EB601B2A1AD82B000834103322681A601B
:10B9FC0062685A60A2689A60019B764AEB18936061
:10BA0C00019AB61A012216435E606B681340019AC4
:10BA1C0013436B600398FDF737F83DE7A3682B6180
:10BA2C00E3686B61242A03D02B0010341833DDE754
:10BA3C002369AB612B0062692033EA611834D5E7C6
:10BA4C0021003800FFF784FED6E7019AB24235DCBC
:10BA5C002800DA689B680830DA609360AA68EB68A3
:10BA6C00D3609A60049A043A242A23D8132A07D95B
:10BA7C002368AB606368EB601B2A09D80834083074
:10BA8C002368036063684360A368836002955EE784
:10BA9C00A3682B61E3686B61242A03D0280010345F
:10BAAC001830EDE7280023692030AB616369183446
:10BABC00EB61E5E72100FFF74BFEE7E7019BBB429B
:10BACC0031DC2800AA68EB680830D3609A60049ACD
:10BADC00043A242A23D8132A07D92368AB60636855
:10BAEC00EB601B2A09D808340830236803606368AC
:10BAFC004360A36883603E00C8E7A3682B61E368DA
:10BB0C006B61242A03D0280010341830EDE728008C
:10BB1C0023692030AB6163691834EB61E5E72100E0
:10BB2C00FFF716FEE7E705990398FCF795FD071E4E
:10BB3C0003D10398FCF7A8FFC7E623000122083BBA
:10BB4C005B689343029AD3180200083A934205D1DA
:10BB5C005E6803239E43049BF618F8E6049A043AA5
:10BB6C00242A29D803002100132A08D9236803604A
:10BB7C00636843601B2A0DD80300083108330A6838
:10BB8C001A604A685A608A689A6021000398FCF728
:10BB9C00B1FC3FE7A3688360E368C360242A03D049
:10BBAC00030010311033EAE72369183103610300F5
:10BBBC00626918334261E2E72100FFF7C9FDE4E74F
:10BBCC00049EC4E6029906434E6051680B435360D1
:10BBDC00D7E6C0466C0100200300081E05D0FF2AE2
:10BBEC0004D98A2201201A604042704701200A7051
:10BBFC00FBE700000EB417B5054C05AB04CB0100F8
:10BC0C002068019300F006F81EBC08BC03B018476E
:10BC1C0018000020F0B5C1B01C001D000690049166
:10BC2C000792002804D0436B002B01D1FCF7BEFA1D
:10BC3C00049B5B6EDB0707D4049B9B899B0503D499
:10BC4C00049B986DFCF7EAFB049B0C21595E802346
:10BC5C009B01194207D10B43049A0499526E8B81B4
:10BC6C009F4B13404B66049B01225B6E990407D5D6
:10BC7C00134217D001235B420893089841B0F0BDE2
:10BC8C00049B9B891B0703D5049B1B69002B12D1BA
:10BC9C000499069800F064FE00280CD0049B5B6E9F
:10BCAC00DB07E7D4049B9B899B05E3D4049B986D2D
:10BCBC00FCF7B5FBDEE7049B0C229B5E1A221A40B4
:10BCCC000A2A16D1049A0E21525E002A11DB049A1C
:10BCDC00526ED20705D49B0503D4049B986DFCF7D8
:10BCEC009EFB2300079A0499069800F08BFC0890A1
:10BCFC00C3E7002317AE14961693159303960C9373
:10BD0C000D930E930F930893079C2378002B02D06E
:10BD1C00252B00D087E0079BE71A9C4210D0039A92
:10BD2C001360169B5760DB191693159B0133159303
:10BD3C00072B7ADC130008330393089BDB19089359
:10BD4C002378002B01D100F017FC002212A9CA7035
:10BD5C000121631C14004942059109925A1C1B785D
:10BD6C000792180020385A2800D962E3F4F7D6F964
:10BD7C00A00061036103A9006103610361038500F5
:10BD8C0061036103AB00B3006103B100BE0061034A
:10BD9C00E000E200E200E200E200E200E200E20089
:10BDAC00E200E2006103610361036103610361036B
:10BDBC006103610361030A01EE0161036103610325
:10BDCC006103610361036103610361036103450264
:10BDDC006103610361037E026103980261036103E5
:10BDEC00C6026103610361036103610361036103C3
:10BDFC006103610361030A01F001610361036103E3
:10BE0C00F300F00106016103FF0061032A024702FF
:10BE1C007202060161037E02A7009A0261036103AC
:10BE2C0067006103A70001346FE70499069814AA10
:10BE3C0000F02CFC002800D079E317AB7CE7294AF2
:10BE4C0020000C9220221040144200D158E2193AE2
:10BE5C000735954306CD00910192E20709D5009A6A
:10BE6C0001990A4305D013AA302153700223117093
:10BE7C001C431D4B1C400223CFE10698FEF7B0F982
:10BE8C00436818000F93F4F737F90E900698FEF7F5
:10BE9C00A7F983680D930E9B002B10D00D9B002BE4
:10BEAC000DD01B78002B0AD08023DB001C4306E04E
:10BEBC0012ABDA780333002A01D120321A70079BB7
:10BECC004CE70123F2E708CD0993002BF7DA5B422C
:10BEDC0009930423EAE72B2212ABDA70EFE7C04692
:10BEEC00FFDFFFFFECCD0008FFFBFFFF079B5A1C99
:10BEFC001B782A2B0ED000210A2718003038079205
:10BF0C00092810D90591002900DB2AE701225242A9
:10BF1C00059226E708CD0593002B02DA01235B423C
:10BF2C0005930792CBE77943137809180132E4E7BC
:10BF3C008023BBE70021079A09910A310998303B0D
:10BF4C0048431B180993137801321800303809281C
:10BF5C00F4D9079205E7079B1B78682B05D1079B43
:10BF6C000133079380239B00A0E740239EE7079BA8
:10BF7C001B786C2B04D1079B01330793202395E787
:10BF8C00102393E704CD27AB1A70002212A9CA70B4
:10BF9C0001211E0005910B920B9B059A0A9393426B
:10BFAC0000DA0A9212AB03331B785A1E93410A9A99
:10BFBC00D3180A9302232340109302231C4202D06D
:10BFCC000A9B02330A93842322001A4011921C42CA
:10BFDC0021D1099B0A9A9F1A002F1CDD169B0399ED
:10BFEC009C46CC48159B039A013308311060102FE6
:10BFFC0000DD2BE257606744169715930391072BCE
:10C00C0009DD0499069814AA00F040FB002800D022
:10C01C008DE217AB039312A9C878169A159B0331BE
:10C02C0000280DD0039801330160012152184160A2
:10C03C0016921593072B00DD1BE2030008330393C4
:10C04C001099169A159B00290ED0039813A901601C
:10C05C00022101335218416016921593072B00DD13
:10C06C0010E2030008330393119B802B21D1099B11
:10C07C000A9A9F1A002F1CDD169B03999C46A64812
:10C08C00159B039A013308311060102F00DD02E27A
:10C09C0057606744169715930391072B09DD049994
:10C0AC00069814AA00F0F2FA002800D03FE217AB71
:10C0BC0003930B9B059A9F1A002F1CDD169B03996B
:10C0CC009C469548159B039A013308311060102F3C
:10C0DC0000DDF3E157606744169715930391072B26
:10C0EC0009DD0499069814AA00F0D0FA002800D0B3
:10C0FC001DE217AB0393039A059B16605360169BC6
:10C10C00059A9B181693159B01331593072B00DD8D
:10C11C00E7E1039E0836640700D5EBE1099B0A9A18
:10C12C00934200DA1300089AD3180893169B002B3D
:10C13C0007D00499069814AA00F0A8FA002800D099
:10C14C00F5E10023159317AB0393DDE510231C4396
:10C15C00A30628D5072307359D430CCD00920193E8
:10C16C00019A0123002A09DA009E019F00227142E4
:10C17C00BA41009101922D2112AAD1700199009A15
:10C18C000A430599002900DA04E2802127008F4335
:10C19C00002A00D002E2059A002A00D13FE1012BCF
:10C1AC0000D0FEE1D9E008CDE20603D50093DB1701
:10C1BC000193D5E7620601D51BB2F7E7A205F5D5C9
:10C1CC005BB2F3E7A30606D52B68089A1A60D21760
:10C1DC005A60043598E5E30603D52B68089A1A6073
:10C1EC00F7E7630603D52B68089A1A80F1E7A405D4
:10C1FC00F3D52B68089A1A70EBE710231C43202305
:10C20C00200018401C420BD0193B07359D430CCD28
:10C21C0000920193414B1C400023002112AAACE771
:10C22C001022210008CD1140144202D0009301903D
:10C23C00F0E7402220001040144203D09BB2009340
:10C24C000191E7E780222100920011401442F6D0C0
:10C25C00DBB2EBE708CD32490093002313AA11801F
:10C26C00304A019302331C430C92D6E7002708CDC9
:10C27C001E0012ABDF70059BBB420CDB1A003900B1
:10C28C003000FDF7E2FF0B90B84200D184E6831B2F
:10C29C0005930B9780E63000F3F72EFF0590F8E737
:10C2AC0010231C432023200018401C4207D0193BAC
:10C2BC0007359D430CCD009201930123ADE710236C
:10C2CC00210004CD19401C4203D0009201900F3B79
:10C2DC00A3E74023200018401C4203D093B20093E4
:10C2EC000191EAE7802321009B0019401C4203D0F6
:10C2FC00D3B200930190E0E70092F1E70A4A9FE580
:10C30C001021270004CD0F400C420FD00092019059
:10C31C00A3E5C04659D1000849D10008FFFBFFFF37
:10C32C0030780000ECCD0008FDCD00084021200045
:10C33C0008400C4203D092B2009201978DE5802107
:10C34C00270089000F400C42F6D0D2B2DEE7019BE9
:10C35C00002B0BD1009B092B08D8009B3033DBB290
:10C36C00B72212A952181600137041E140AB1E00FF
:10C37C0080230024DB003B400A930A220098019999
:10C38C000023F4F789F833003032013B1E001A7099
:10C39C000A9B0B9010910134002B20D00D9B1B7825
:10C3AC00A3421CD1FF2C1AD0019B002B03D1009B64
:10C3BC00092B00D81CE10E9A0F99B31A18001E0015
:10C3CC00FDF7FAFE0D9B00245B785A1E93410D9AE3
:10C3DC00D3180D930B9B0093109B0193CDE7019BFE
:10C3EC00002BF7D1009B092BF4D801E140AB1E00C8
:10C3FC000F203300013B1E00009B0C9A0340D35CC2
:10C40C003370019B1907009B1A09019B11431B09EF
:10C41C0001930B00019A00911343EAD1E8E040AA82
:10C42C001600002B00D0E3E0E40700D4E0E030334A
:10C43C0096E7002B00D19FE027AA1370002312A9C6
:10C44C00CB700121160005910B93A5E510205060CF
:10C45C006246121816921593072B07DD049906985D
:10C46C0014AA00F013F9002861D117A9103F039109
:10C47C00B4E50499069814AA00F008F9002856D1DE
:10C48C0017ABDCE50499069814AA00F0FFF8002815
:10C49C004DD117ABE7E5102050606246121816928A
:10C4AC001593072B07DD0499069814AA00F0EEF8F3
:10C4BC0000283CD117A9103F0391DDE510205060F6
:10C4CC006246121816921593072B07DD04990698ED
:10C4DC0014AA00F0DBF8002829D117A9103F03910A
:10C4EC00ECE50499069814AA00F0D0F800281ED1A7
:10C4FC0017AE10E6099B0A9A10279C1A002C00DC38
:10C50C000CE615993E4A169B01313260102C22DC48
:10C51C007460E41816941591072900DCFEE5049963
:10C52C00069814AA00F0B2F8002800D1F6E5049B96
:10C53C005B6EDB0707D4049B9B899B0503D4049B90
:10C54C00986DFBF76CFF049B9B895B0601D4FFF78E
:10C55C0094FBFFF78FFB1033776016931591083619
:10C56C00072907DD0499069814AA00F08FF8002813
:10C57C00DDD117AE103CC4E7169B002B02D1002373
:10C58C001593D4E70499069814AA00F07FF80028B4
:10C59C00F5D0CCE72700002A00D100E6012B00D112
:10C5AC00D5E6022B00D121E740AB1E0007239C46A9
:10C5BC003300013B32001E00634600990B40019989
:10C5CC0030334C0700993370C80801990443C908EB
:10C5DC0001912100019800940143E9D1F90707D595
:10C5EC00302B05D033003021013B1970931E1E00F7
:10C5FC00059B3C000B9340AB9B1B0593CCE4C046C6
:10C60C0059D10008F0B5150002221E4C1F008B8971
:10C61C00A54493436A4693814B6E06001993CB89CC
:10C62C0016A8D381CB690C0007934B6A09931AABFC
:10C63C00009304938023DB0002930593002306935D
:10C64C00FBF7EAFE2A003B0069463000FFF7E2FAEE
:10C65C00051E07DB69463000FDF788FD002801D078
:10C66C0001256D426B469A8940231A4202D0A28959
:10C67C001343A3811698FBF7D0FE2800024B9D4470
:10C68C00F0BDC04694FBFFFF6C040000002310B506
:10C69C00140092689A4205D0220000F007F800229C
:10C6AC000300A26000221800626010BDF0B5936810
:10C6BC0087B00C0002900492002B02D1002007B02E
:10C6CC00F0BD8B891B0756D50B69002B53D0049BEF
:10C6DC001B6801930C22A35E02221E00164013421B
:10C6EC006FD1012201211A400B4200D1A2E030008F
:10C6FC0037000396002F00D10AE100280AD13A0036
:10C70C000A210398FDF7A1FD7E1C002802D0039B93
:10C71C000130C61A0596BE4200D9059720682269D9
:10C72C00A5686369904200D8FBE0059AED18AA420F
:10C73C0000DCF6E003992A00FFF70AF823682100D1
:10C74C005B1902982360FDF711FD00286DD10120C3
:10C75C00761B05D121000298FDF708FD002864D155
:10C76C00039B049A5B190393049B7F1B9B685B1BC5
:10C77C009360BFD1A2E72100029800F0F1F80028E5
:10C78C00A5D0012040429AE7019B1E685D680833E2
:10C79C000193676AE169002DF6D06E4A2B00954231
:10C7AC0000D9130032000298B84700283DDD049BE5
:10C7BC00049A9B6836181B1A2D1A9360002BE8D12B
:10C7CC007CE700263500E4E7019B1B680393019B83
:10C7DC005D68083301930C22A35E2068A668002DC7
:10C7EC00F2D080229200134262D0AE4237D890220F
:10C7FC00D200134233D02169421A03200592626998
:10C80C004243D70FBF18059A7F1001325219BA4212
:10C81C0000D917005B053CD539000298FBF71CFFCB
:10C82C00061E0AD10C23029A13604023A2891343DB
:10C83C00A381A6E715000392CDE7059A2169FEF7BF
:10C84C0099FFA289444B1A4080231343A381059B73
:10C85C002661F61826602E006761FF1AA7602F006C
:10C86C00AE4200D92E00320003992068FEF770FF0B
:10C87C00A3689B1BA36023689B192360039B049AEA
:10C88C00DB190393049BED1B9B68DB1B9360A2D10C
:10C89C0014E73A000298FEF7F5FF061ED7D121697E
:10C8AC000298FBF727FE8022A3899343A381B9E763
:10C8BC002369834202D36769AF4216D9AE4200D9CD
:10C8CC002E0032000399FEF743FFA36822689B1BDE
:10C8DC0092193700A3602260002BCFD1210002985F
:10C8EC00FDF744FC0028C9D09FE7802328001B06D5
:10C8FC009D4200D319483900F3F7A4FC3B00666A4B
:10C90C004343039AE1690298B047071EB6DC8CE7F3
:10C91C00019B00201B680393019B5F680833019304
:10C92C00E8E6059A934208DC656A039AE169029885
:10C93C00A847051E00DD0AE777E7059A0399FEF77D
:10C94C0007FF059AA36815009B1AA36023689B1820
:10C95C002360FCE600FCFF7F7FFBFFFFFFFFFF7FF8
:10C96C002D4B70B5050018680C00002804D0436BE3
:10C97C00002B01D1FBF71AFC0C22A35E1A0723D45F
:10C98C00DA0607D409222A60402201201343A3812E
:10C99C0040423AE05B0713D5216B002908D02300F5
:10C9AC004033994202D02800FBF7A4FD00232363F7
:10C9BC002422A3899343A38100236360236923600A
:10C9CC000823A2891343A3812369002B0BD1A02137
:10C9DC008022A389890092000B40934203D021004E
:10C9EC00280000F051F80C22A35E01211A000A4025
:10C9FC000B420BD00022A26062695242A26100205D
:10CA0C002269824201D11A06BED470BD990700D4A6
:10CA1C006269A260F3E7C04618000020062010B53A
:10CA2C0000F09EF80120F7F7A4FA000070B50E0094
:10CA3C001D000E23C95E140096B0002909DAB289D4
:10CA4C008023110019401A4218D18023DB00080002
:10CA5C0010E06A4600F08EF80028F0DBF023019914
:10CA6C001B021940074B8020C9184B4259418023A7
:10CA7C000001DB002960236016B070BD002140234B
:10CA8C00E5E7C04600E0FFFFF0B502268B89050004
:10CA9C000C0085B0334207D023004333236023615D
:10CAAC000123636105B0F0BD03AB02AAFFF7BEFF23
:10CABC00029F019039002800FBF7CEFD002808D119
:10CACC000C22A35E9A05EDD4032293431E43A68148
:10CADC00E2E78023A28920601343A381039B20619A
:10CAEC006761002B0CD028000E23E15E00F054F897
:10CAFC00002805D00323A2899A43023B1343A38148
:10CB0C00A389019A1343A381CCE770B504000D00EF
:10CB1C001F2904D9162303600120404270BD030075
:10CB2C00FC33DB6B002B04D08A009B181A68002A9C
:10CB3C0008D1200000F054F82A000100200000F079
:10CB4C003DF8EBE7012A09D0511C03D116230360F1
:10CB5C000120E3E700212800196090470020DDE761
:10CB6C0010B5034B01001868FFF7CFFF10BDC0468E
:10CB7C0018000020002370B5064D040008001100B9
:10CB8C002B60F7F746FA431C03D12B68002B00D01F
:10CB9C00236070BD8C090020002370B5064D040085
:10CBAC0008002B60F7F743FA431C03D12B68002BCA
:10CBBC0000D0236070BDC0468C090020002370B5E6
:10CBCC00064D0400080011002B60F7F7C2F9431C56
:10CBDC0003D12B68002B00D0236070BD8C09002082
:10CBEC0010B5F7F7B0F910BDF8B5C046F8BC08BCE5
:10CBFC009E467047F8B5C046F8BC08BC9E467047C8
:10CC100054656D703A20252E32662043202C2070FA
:10CC20006920707265636973696F6E2025642C20BA
:10CC300070692076616C756520252E313566200D72
:10CC40000A000000F60B0008220B00080C0B00087D
:10CC5000880B00080C0B0008BC0B00080C0B00082C
:10CC6000880B0008220B0008220B0008BC0B0008F0
:10CC7000880B0008F80A0008F80A0008F80A0008FB
:10CC8000C60B0008220B0008220B00080C0B000842
:10CC9000620C00080C0B0008BC0B00080C0B000811
:10CCA000620C0008220B0008220B0008BC0B0008D5
:10CCB000620C0008F80A0008F80A0008F80A0008E0
:10CCC000F41E0008B21D0008901D00087C1D00081D
:10CCD000901D0008961E0008901D00087C1D00088D
:10CCE000B21D0008B21D0008961E00087C1D000839
:10CCF000741D0008741D0008741D0008B81E00088B
:10CD00000000000000000000000000000000000023
:10CD10000000000000000000000000000000000013
:10CD200001000000020000000300000004000000F9
:10CD300006000000070000000800000009000000D5
:10CD400000000000000000000000000000000000E3
:10CD500001000000020000000300000004000000C9
:10CD60005A660008F2670008F2670008F2670008D8
:10CD70009C660008F2670008F2670008F267000886
:10CD8000E2660008F2670008F2670008F267000830
:10CD900024670008F2670008F2670008F2670008DD
:10CDA0006A670008F2670008F2670008F267000887
:10CDB000AC670008010002000400060008000A0039
:10CDC0000C00100020004000800000010101010360
:10CDD000070100000804020408010101494E460051
:10CDE000696E66004E414E006E616E003031323326
:10CDF0003435363738396162636465660030313204
:10CE000033343536373839414243444546003000E3
:10CE1000496E66696E697479004E614E0042616CBC
:10CE20006C6F6320737563636565646564002F626E
:10CE300075696C642F676E752D746F6F6C732D66DA
:10CE40006F722D73746D33325F31332E332E7265F2
:10CE50006C312E32303235303532332D303930307E
:10CE60002F7372632F6E65776C69622F6E65776CB6
:10CE700069622F6C6962632F7374646C69622F64DA
:10CE8000746F612E63002F6275696C642F676E7515
:10CE90002D746F6F6C732D666F722D73746D3332DA
:10CEA0005F31332E332E72656C312E323032353095
:10CEB0003532332D303930302F7372632F6E6577F2
:10CEC0006C69622F6E65776C69622F6C6962632F83
:10CED0007374646C69622F6D707265632E630043B6
:10CEE00000504F534958002E002C2066756E637415
:10CEF000696F6E3A2000617373657274696F6E209A
:10CF000022257322206661696C65643A2066696C2B
:10CF10006520222573222C206C696E6520256425EE
:10CF20007325730A003030303030303030303030DC
:10CF300030303030302020202020202020202020A1
:10CF40002020202020000000050000001900000023
:10CF50007D000000000000000080E03779C34143FD
:10CF6000176E05B5B5B89346F5F93FE9034F384D4F
:10CF7000321D30F94877825A3CBF737FDD4F1575FB
:10CF8000000000000000F03F00000000000024400E
:10CF900000000000000059400000000000408F40E9
:10CFA000000000000088C34000000000006AF84054
:10CFB0000000000080842E4100000000D012634178
:10CFC0000000000084D797410000000065CDCD41EE
:10CFD000000000205FA00242000000E876483742CF
:10CFE000000000A2941A6D42000040E59C30A2426D
:10CFF0000000901EC4BCD64200003426F56B0C43E2
:10D000000080E03779C3414300A0D8855734764388
:10D0100000C84E676DC1AB43003D9160E458E143E9
:10D02000408CB5781DAF154450EFE2D6E41A4B445E
:10D0300092D54D06CFF08044F64AE1C7022DB544A3
:10D04000B49DD9794378EA44002020202020202074
:10D0500020202828282828202020202020202020A8
:10D0600020202020202020202088101010101010B8
:10D070001010101010101010100404040404040404
:10D08000040404101010101010104141414141419E
:10D090000101010101010101010101010101010180
:10D0A0000101010110101010101042424242424290
:10D0B0000202020202020202020202020202020250
:10D0C00002020202101010102000000000000000F8
:10D0D0000000000000000000000000000000000050
:10D0E0000000000000000000000000000000000040
:10D0F0000000000000000000000000000000000030
:10D10000000000000000000000000000000000001F
:10D11000000000000000000000000000000000000F
:10D1200000000000000000000000000000000000FF
:10D1300000000000000000000000000000000000EF
:10D14000000000000000000000303030303030308F
:10D15000303030303030303030202020202020203F
:0CD16000202020202020202020000000A3
:08D16C007833FF7F0100000091
:08D174002D840008E50000080D
:04D17C00BD000008EA
:10D180000024F40004000000010000000000000082
:10D1900003000000500800202000002000000000D4
:10D1A0000000000050080020B808002020090020DE
:10D1B000000000000000000000000000000000006F
:10D1C000000000000000000000000000000000005F
:10D1D000000000000000000000000000000000004F
:10D1E000000000000000000000000000000000003F
:10D1F000000000000000000000000000000000002F
:10D20000000000000000000000000000000000001E
:10D21000000000000000000000000000000000000E
:10D2200000000000000000000000000000000000FE
:10D2300000000000000000000100000000000000ED
:10D240000E33CDAB34126DE6ECDE05000B000000B2
:10D2500000000000000000000000000000000000CE
:10D2600000000000000000000000000000000000BE
:10D2700000000000000000000000000000000000AE
:10D28000000000000000000000000000000000009E
:10D29000000000000000000000000000000000008E
:10D2A000000000000000000000000000000000007E
:10D2B000000000000000000000000000000000006E
:10D2C000000000000000000000000000000000005E
:10D2D000000000000000000000000000000000004E
:10D2E00091090020FFFFFFFF000002000000000086
:10D2F000000000006C0100206C010020740100207F
:10D30000740100207C0100207C01002084010020A9
:10D31000840100208C0100208C0100209401002059
:10D32000940100209C0100209C010020A401002009
:10D33000A4010020AC010020AC010020B4010020B9
:10D34000B4010020BC010020BC010020C401002069
:10D35000C4010020CC010020CC010020D401002019
:10D36000D4010020DC010020DC010020E4010020C9
:10D37000E4010020EC010020EC010020F401002079
:10D38000F4010020FC010020FC0100200402002028
:10D39000040200200C0200200C02002014020020D5
:10D3A000140200201C0200201C0200202402002085
:10D3B000240200202C0200202C0200203402002035
:10D3C000340200203C0200203C02002044020020E5
:10D3D000440200204C0200204C0200205402002095
:10D3E000540200205C0200205C0200206402002045
:10D3F000640200206C0200206C02002074020020F5
:10D40000740200207C0200207C02002084020020A4
:10D41000840200208C0200208C0200209402002054
:10D42000940200209C0200209C020020A402002004
:10D43000A4020020AC020020AC020020B4020020B4
:10D44000B4020020BC020020BC020020C402002064
:10D45000C4020020CC020020CC020020D402002014
:10D46000D4020020DC020020DC020020E4020020C4
:10D47000E4020020EC020020EC020020F402002074
:10D48000F4020020FC020020FC0200200403002023
:10D49000040300200C0300200C03002014030020D0
:10D4A000140300201C0300201C0300202403002080
:10D4B000240300202C0300202C0300203403002030
:10D4C000340300203C0300203C03002044030020E0
:10D4D000440300204C0300204C0300205403002090
:10D4E000540300205C0300205C0300206403002040
:10D4F000640300206C0300206C03002074030020F0
:10D50000740300207C0300207C030020840300209F
:10D51000840300208C0300208C030020940300204F
:10D52000940300209C0300209C030020A4030020FF
:10D53000A4030020AC030020AC030020B4030020AF
:10D54000B4030020BC030020BC030020C40300205F
:10D55000C4030020CC030020CC030020D40300200F
:10D56000D4030020DC030020DC030020E4030020BF
:10D57000E4030020EC030020EC030020F40300206F
:10D58000F4030020FC030020FC030020040400201E
:10D59000040400200C0400200C04002014040020CB
:10D5A000140400201C0400201C040020240400207B
:10D5B000240400202C0400202C040020340400202B
:10D5C000340400203C0400203C04002044040020DB
:10D5D000440400204C0400204C040020540400208B
:10D5E000540400205C0400205C040020640400203B
:10D5F000640400206C0400206C04002074040020EB
:10D60000740400207C0400207C040020840400209A
:10D61000840400208C0400208C040020940400204A
:10D62000940400209C0400209C040020A4040020FA
:10D63000A4040020AC040020AC040020B4040020AA
:10D64000B4040020BC040020BC040020C40400205A
:10D65000C4040020CC040020CC040020D40400200A
:10D66000D4040020DC040020DC040020E4040020BA
:10D67000E4040020EC040020EC040020F40400206A
:10D68000F4040020FC040020FC0400200405002019
:10D69000040500200C0500200C05002014050020C6
:10D6A000140500201C0500201C0500202405002076
:10D6B000240500202C0500202C0500203405002026
:10D6C000340500203C0500203C05002044050020D6
:10D6D000440500204C0500204C0500205405002086
:10D6E000540500205C0500205C0500206405002036
:10D6F000640500204300000000000000000000005E
:10D700000000000000000000000000000000000019
:10D7100000000000430000000000000000000000C6
:10D7200000000000000000000000000000000000F9
:10D7300000000000430000000000000000000000A6
:10D7400000000000000000000000000000000000D9
:10D750000000000043000000000000000000000086
:10D7600000000000000000000000000000000000B9
:10D770000000000043000000000000000000000066
:10D780000000000000000000000000000000000099
:10D790000000000043000000000000000000000046
:10D7A0000000000000000000000000000000000079
:10D7B0000000000043000000000000000000000026
:10D7C0000000000000000000000000000000000059
:10D7D00000000000E5BB00086DB800080000000074
:10D7E00048D00008E7CE000824CF000824CF000866
:10D7F00024CF000824CF000824CF000824CF00083D
:10D8000024CF000824CF000824CF0008FFFFFFFF2B
:10D81000FFFFFFFFFFFFFFFFFFFF0000010041537D
:10D820004349490000000000000000000000000023
:10D830000000000000000000000000000000415354
:10D840004349490000000000000000000000000003
:10D8500000000000000000000000000000000000C8
:04000005080040DDD2
:00000001FF
