:020000040800F2
:1000000000900020F5360008213500082935000849
:1000100000000000000000000000000000000000E0
:100020000000000000000000000000003135000862
:1000300000000000000000003B35000845350008C6
:100040004537000800000000453700084537000824
:100050004537000845370008453700084537000890
:100060000000000045370008453700084537000804
:1000700045370008453700084537000800000000F4
:100080004537000845370008453700084537000860
:100090004537000845370008453700084537000850
:1000A0004537000845370008453700084537000840
:0800B000453700085535000832
:1000B80010B5064C2378002B07D1054B002B02D036
:1000C800044800E000BF0123237010BDF80600209B
:1000D8000000000008BF0008044B10B5002B03D037
:1000E8000349044800E000BF10BDC04600000000FE
:1000F800FC06002008BF00080023C25C0133002A68
:10010800FBD1581E7047000002B4714649084900E7
:10011800095C49008E4402BC7047C04603B471466E
:10012800490840004900095A49008E4403BC7047F9
:10013800002243088B4274D303098B425FD3030A1E
:100148008B4244D3030B8B4228D3030C8B420DD331
:10015800FF22090212BA030C8B4202D312120902BF
:1001680065D0030B8B4219D300E0090AC30B8B42FD
:1001780001D3CB03C01A5241830B8B4201D38B03AB
:10018800C01A5241430B8B4201D34B03C01A524150
:10019800030B8B4201D30B03C01A5241C30A8B4293
:1001A80001D3CB02C01A5241830A8B4201D38B027E
:1001B800C01A5241430A8B4201D34B02C01A524122
:1001C800030A8B4201D30B02C01A5241CDD2C30994
:1001D8008B4201D3CB01C01A524183098B4201D310
:1001E8008B01C01A524143098B4201D34B01C01AFB
:1001F800524103098B4201D30B01C01A5241C30873
:100208008B4201D3CB00C01A524183088B4201D3E1
:100218008B00C01A524143088B4201D34B00C01ACD
:100228005241411A00D20146524110467047FFE739
:1002380001B5002000F0F0F802BDC0460029F7D053
:1002480076E7704703460B437FD4002243088B426E
:1002580074D303098B425FD3030A8B4244D3030B45
:100268008B4228D3030C8B420DD3FF22090212BA0A
:10027800030C8B4202D31212090265D0030B8B4286
:1002880019D300E0090AC30B8B4201D3CB03C01A70
:100298005241830B8B4201D38B03C01A5241430B4B
:1002A8008B4201D34B03C01A5241030B8B4201D33B
:1002B8000B03C01A5241C30A8B4201D3CB02C01AA6
:1002C8005241830A8B4201D38B02C01A5241430A1E
:1002D8008B4201D34B02C01A5241030A8B4201D30D
:1002E8000B02C01A5241CDD2C3098B4201D3CB01B4
:1002F800C01A524183098B4201D38B01C01A524163
:1003080043098B4201D34B01C01A524103098B4266
:1003180001D30B01C01A5241C3088B4201D3CB0051
:10032800C01A524183088B4201D38B00C01A524134
:1003380043088B4201D34B00C01A5241411A00D2E4
:1003480001465241104670475DE0CA0F00D049424D
:10035800031000D34042534000229C4603098B42BD
:100368002DD3030A8B4212D3FC22890112BA030A45
:100378008B420CD3890192118B4208D389019211C7
:100388008B4204D389013AD0921100E08909C3094C
:100398008B4201D3CB01C01A524183098B4201D34E
:1003A8008B01C01A524143098B4201D34B01C01A39
:1003B800524103098B4201D30B01C01A5241C308B1
:1003C8008B4201D3CB00C01A524183088B4201D320
:1003D8008B00C01A5241D9D243088B4201D34B003B
:1003E800C01A5241411A00D20146634652415B107D
:1003F800104601D34042002B00D54942704763465E
:100408005B1000D3404201B5002000F005F802BDA2
:100418000029F8D016E770477047C0468446100098
:1004280062468C461900634600E0C0461FB501F0DD
:1004380071FC002801D40021C8421FBD10B501F08D
:10044800B5FB4042013010BD10B501F063FC002837
:1004580001DB002010BD012010BDC04610B501F021
:1004680059FC002801DD002010BD012010BDC04648
:1004780010B501F0DFFB002801DC002010BD0120D1
:1004880010BDC04610B501F0D5FB002801DA0020E8
:1004980010BD012010BDC046002B11D1002A0FD17C
:1004A800002900D1002802D00021C943080007B460
:1004B800024802A14018029003BDC0465DFFFFFF3D
:1004C80003B4684601B5029800F006F8019B9E4601
:1004D80002B00CBC7047C046F0B557464E4645467C
:1004E800DE46E0B504000D009246994683B08B4283
:1004F80030D82DD04946504602F080FC290006002D
:10050800200002F07BFC331A9846203B34D49B46EB
:1005180053465A46934042461F00534693401E0096
:10052800AF423BD8AF4200D179E05B46A41BBD4146
:10053800002B00DA76E000220023009201930123C9
:100548005A4693400193012342469340009329E081
:100558008242CFD900220023009201930C9B002BEA
:1005680001D01C605D600098019903B0F0BCBB46E7
:10057800B246A946A046F0BD42469B4620239B1A98
:100588005246DA40414613004A468A40170042461E
:100598001F43534693401E00AF42C3D90022002395
:1005A800009201934346002BD8D0FB0772081A43E8
:1005B80046467B080EE0AB4201D1A2420CD8A41AF1
:1005C8009D41012024196D410021013E24184D410F
:1005D800002E06D0AB42EED9013E24196D41002E03
:1005E800F8D1009801995B4600196941002B24DB7A
:1005F8002B005A464446D3402A00E2401C005B4682
:100608001500002B2ADB26009E40330026004746B3
:10061800BE403200801A9941009001919EE7A342A2
:10062800BCD882E74246202300219B1A0022009171
:1006380001920122DA40019285E7424620239B1A63
:100648002A0046469A402300F340444613432A00B2
:10065800E2401C005B461500002BD4DA42462F000E
:100668002023260097409B1ADE403B003343CDE70A
:10067800F0B546464F46D6464502C0B5C30F4700BB
:1006880098460E1C6D0A3F0E5BD0FF2F21D08023A9
:10069800ED00DB041D43002399469A467F3F740210
:1006A8007300640A1B0EF60F002B20D0FF2B43D0DB
:1006B80080220020E400D20414437F3B4246FF1A04
:1006C8004B4672400F2B00D99DE071499B00CB58D7
:1006D8009F46002D5AD108239946063B74029A4634
:1006E8007300FF27640A1B0EF60F002BDED1002CC7
:1006F8003BD1012342464946724019430E2918D876
:100708006448890041588F465346022B00D1B8E00F
:10071800032B6ED042462C00012B40D10020002430
:10072800C0052043D2071043E0BCBA46B146A846EC
:10073800F0BDFF200024F3E7002C20D10223FF3F67
:10074800D8E7002D05D104239946033B00279A4694
:10075800A5E7280002F034FB7627431F9D400023BD
:100768007F4299469A463F1A99E7200002F028FBF3
:10077800431F9C4076235B421B1A00209EE70323FD
:100788004A461A4391460320FC3397E70C239946BF
:10079800093BFF279A4682E703282CD0320038000D
:1007A8007F30002847DD630704D00F232340042B44
:1007B80000D00434230103D53800374B80301C4067
:1007C800FE28B6DCA401640AC0B2A9E7802400228E
:1007D800FF20E403A4E78023DB031D4201D01C4271
:1007E8000BD08024E4032C4364024246FF20640AB1
:1007F80096E746462C008023DB031C436402320044
:10080800FF20640A8CE76D01600185422DD21B230D
:100818000024013F0126290064006D00002901DB46
:10082800854201D32D1A3443013B002BF3D16B1EB3
:100838009D412C43B3E701231B1A1B2B00DD6DE7F9
:1008480021009E37D940BC400B00611E8C412343D8
:10085800590704D00F211940042900D00433590145
:1008680013D49B0100205C0A5AE71A2301242D1A8D
:10087800D0E7981E43425841404232000024C0B29B
:100888004EE74246FF2000244AE70120002447E7BC
:10089800B4C10008F4C10008FFFFFFF7F8B54746E8
:1008A800CE46430280B55F0A9B0945004A009C4634
:1008B8004B02C40FCE0F2D0E580A120E9909FF2AAB
:1008C8006BD001235E40AB1AB4424BD0002B00DC46
:1008D800FFE0002A00D188E0FF2D00D1EFE0802260
:1008E800D204114301201B2B08DC08002022D84029
:1008F800D31A99400B005A1E9341184363461B1A9A
:100908009C4663465B0100D4CDE063469F01BF0966
:10091800380002F055FA3B0005388340854200DC78
:10092800A2E0B74A2D1A1A4094465A0700D1C3E0EC
:100938000F221340042B00D1BEE004239846C44480
:1009480063465B0100D4B7E0681CFE2D00D0A5E02B
:10095800FF200022C0051043E4072043C0BCB9466D
:10096800B046F8BD002B00DCEBE1002A46D0FF2D95
:1009780000D1A4E08022D20411431B2B00DCFBE051
:10098800052398462B00C4446246D708FF2B00D1A4
:1009980095E07A02520AD8B2DCE72B00FF3B994671
:1009A800002918D101235E40B44200D1CAE04B4669
:1009B800002B2DD0002D00D03CE1FF236446002CF5
:1009C80000D15FE15D1E012B00D174E13400FF2BE3
:1009D80074D02B0003E1B44200D19CE0002B17D067
:1009E800002DEAD0070034006CE00029CCD05A1E54
:1009F800012B2BD0FF2B62D0130073E70029C3D043
:100A08005A1E012B00D11EE1FF2B58D01300B4E76A
:100A1800FE226B1C1A420DD1002D60D06346002BBC
:100A280000D020E1002900D028E180220024FF2006
:100A3800D2038FE763465F1A7B0100D5FEE0002FE3
:100A480000D065E700240020002283E76346591A96
:100A58004B0100D419E18F01BF09380002F0B0F949
:100A68003B000538834001252022401B0130121A23
:100A780019009340C1405A1E934119438C460B1EDE
:100A8800E1D05B0700D152E10F2300250B40042B76
:100A980000D052E701204A0100D492E0C0B2634678
:100AA8009A01520A56E763465B0705D00F23624650
:100AB8001340042B00D040E72B0065E70700002F08
:100AC80000D145E78022D2033A435202FF20520A5E
:100AD80040E7002B79D1FE226B1C1A42AAD163464B
:100AE800002B00D1F5E0002900D1D1E05F1A802366
:100AF800DB041F4200D10EE1624601248A1A9446A3
:100B080000203440002A00D124E701201A42C6D12F
:100B18000023D7083DE7002B17D0002D00D0AFE009
:100B2800FF236546002D00D1ADE05E1E012B00D1EC
:100B380089E0FF2BC2D01B2E00DCABE04B1D9C468E
:100B4800130021E74B46002B70D1FE226B1C1A4282
:100B58005ED1002D00D0C3E06346002B00D1D0E069
:100B6800002900D194E00A006244530100D4D8E07F
:100B780092010120520AEDE608002022D840D31A3B
:100B880099400B005A1E934103439C4463465B0102
:100B980089D50135FF2D00D1DAE6624601231949CE
:100BA800134052080A401A43130094465B0704D0C6
:100BB8000F231340042B00D0BFE663465B0100D52A
:100BC800C2E66346DF082B00E3E6531B002D00D185
:100BD800F4E680206446C0040443A446340001209F
:100BE8001B2B09DC20256046D840EB1A65469D4042
:100BF8002B005D1EAB4118430B1A9C46150080E67E
:100C0800FFFFFFFBFFFFFF7DFE226B1C1342A3D0FB
:100C1800FF2B00D19CE6614449084A0749D00F22BE
:100C28000A40042A45D00A1D9446ADE6002D00D19D
:100C380076E78DE63400FF2000228BE66346012428
:100C4800CF1A344064E661444B016DD548084449E5
:100C5800014043072CD00F230340042B28D00B1D41
:100C68009C46022390E6002900D12BE78023DB0372
:100C78009F4200D226E7984200D323E7012434405C
:100C880007001FE734008C467EE60123CF0880E684
:100C980000237EE620206546801B854063462800A9
:100CA800F340451EA84103439C4615008C446DE75C
:100CB8000223CF086DE60F1B7B0128D5BF01BF09B2
:100CC800380002F07DF83B000538834034000125E8
:100CD800CAE6002900D1B5E601240700344058E6E9
:100CE8006346002B00D1E9E6002900D1EAE680231B
:100CF800DB039F4200D2E5E6984200D3E2E6070014
:100D0800E0E6002900D19EE60023CF0841E6340042
:100D18000123FF083DE6002F00D193E60023FF08DA
:100D280037E60023D70834E60123CF0831E68022CE
:100D38000B00D20401201340114200D0AEE6CF08C8
:100D480027E6002B00D15FE7561B002D01D13300A9
:100D5800E7E680236046DB0418438446EBE6C0469A
:100D6800FFFFFF7D10B5041E0DD002F029F89E2369
:100D78001B1A962B0CDC082834D0083884406402EF
:100D8800640AD8B201E000200024C005204310BD49
:100D9800992B13DC421F9440144A224061071CD04F
:100DA8000F212140042918D00432D408520115D546
:100DB8009F236402181A640AC0B2E6E70200210001
:100DC8001B3291400A00511E8A410521091ACC4064
:100DD8001443064A22406107E2D1D4086402640A37
:100DE800D8B2D2E76402640A8E30CEE7FFFFFFFB79
:100DF800F0B54F464646D646C0B582B00090019140
:100E08000E034C00CD0F710A009E5F00760F0E4353
:100E1800009900920193C900894619037B0D9846F1
:100E2800019B490ADB0F9C46009B009A5B0F0B4312
:100E38004146640DD200611A654500D1A6E000293B
:100E480072DD4746002F00D1DDE0CC4FBC4200D117
:100E58009AE10127382917DC80273F043B431F29E3
:100E680000DDDDE12027781A1F008740BA46170009
:100E7800CF40844638005746074360468240CB40FF
:100E8800501E8241F61A17434B46DF1BB945804175
:100E98004042361A330200D4FFE07602760A002E6A
:100EA80000D13CE1300001F08BFF0300083B20211A
:100EB8003800CA1AD0409E4002009F4032439C42EC
:100EC80000DDA6E1181B0130091A3E008F40C6401C
:100ED8007B1E9F4113008B4037431F43C2403B009A
:100EE80016000024134300D1DFE17B0700D132E371
:100EF8000F233A003B40042B04D03A1DBA42BF41AD
:100F08007F42F619330200D423E39C4B01349C4200
:100F180000D1B4E09A4B64051E40640D7707D208EF
:100F280076021743360BACE0002900D17EE041463B
:100F3800091B002C00D060E134004846044300D16E
:100F4800C9E14C1E012900D12EE28C4DA94200D1E5
:100F580024E20127382C11DC21001F2900DD0BE2D7
:100F6800202437004846641AA740C840074348462B
:100F7800A040CE40441EA0419B1B0743D71BBA424A
:100F880092415242654644469E1A83E7002900DC96
:100F98009CE04746002F67D11F00174300D1E4E0CB
:100FA800481E012900D19BE1744FB94200D1EBE002
:100FB80001270100382811DC1F2900DDC7E120279F
:100FC800781A1F00844687401000C84007436046CF
:100FD8008240CB40501E8241F61817434F444F457C
:100FE800804140423618330257D5644B01349C4245
:100FF80045D00121624B7A081E4039400A43F70761
:101008001743760871E71F00174300D1ADE04F1E64
:10101800BC46012900D182E1584FB94200D190E184
:1010280061460127382900DD2EE718E7554F611C76
:10103800394200D0D0E0310048461F000143174331
:10104800002C00D03DE1002900D1BCE1002F00D0E8
:10105800BFE14B460021D80877070743F00806038D
:101068004C05360B640D0CE0444FBC4200D18BE0BC
:1010780001273829B2DC80273F043B439CE7002640
:10108800002724053443ED072C433800210002B023
:10109800E0BCBA46B146A846F0BD7B0704D00F2392
:1010A8003B40042B00D028E7F808344B7707074368
:1010B800F0089C4200D04AE23B00034359D0802606
:1010C8003603064336032D4C360BDAE7002961D088
:1010D8004146091B002C00D1B9E0284CA04500D19D
:1010E800A5E10127382913DC8024240426431F297D
:1010F80000DDC8E1202437004846641AA740C840EC
:1011080007434846A040CE40441EA0419B190743D0
:10111800BF189742924152424446D61863E73800B6
:1011280001F04EFE030018331F2B00DCBFE63A0027
:10113800083882409C4200DD83E01B1B581C1F2896
:1011480000DCB4E117001F3BDF40202805D0402316
:101158001B1A9A40531E9A4117430024002F0AD0A5
:101168007B0700D0C4E626009EE74B460C00D80853
:101178009BE70027014C002683E7C046FF070000D5
:10118800FFFF7FFFFE0700004B467707D80807439D
:10119800F00891E7CD4F611C39426BD131004846C8
:1011A8000143002C00D04BE11F001743002900D158
:1011B80081E1002F00D14CE74A444A458041F618A6
:1011C80040423618330200D5B0E117009146374344
:1011D80000D03EE7002654E74946891A8846C145AB
:1011E800BF41F11A7F42C91B0F0261D447460F4322
:1011F80000D1BDE00E00474651E6B54CA04500D1F0
:1012080000E10127382900DDB8E6802424042643BC
:10121800A3E6B04EE41A16407B0700D03FE743E749
:101228000F001800203FF8408446202903D04027AB
:10123800791A8B401A43531E9A41634617001F437D
:1012480022E6A448E11A10404707C00807E734001F
:101258004846044300D1FAE04C1E012900D1D7E0EA
:101268009B4FB94200D1E2E00127382C00DD4FE75F
:1012780021003CE7964CA14200D1DDE04A444A45B2
:101288008041F31840421818C70752081743460808
:10129800520705D00F220C003A40042A00D02CE651
:1012A8007607FF0837430009D9E600270026E8E655
:1012B8004946571ABA4292419E1B52426546B61A8F
:1012C800EDE5002900D0C6E0002F67D18026002573
:1012D8007F4C3603D5E665460C001E00D008E4E6D0
:1012E8004A444A458041F318404218181100030245
:1012F80000D496E0774B49081840C3070B434408CD
:10130800490700D129E10F221A40042A00D1EAE056
:101318001F1D9F42B641764236190224C4E649464B
:101328008F1AB9458041F61A4042361A330206D45C
:101338007307FF0801211F43F00890E66546012462
:10134800ABE54B467707D8080743F008B4E60F002B
:101358001800203FF8408446202903D04027791AF6
:101368008B401A43531E9A41634617001F4335E6C4
:1013780000250024002684E60C003500203CE540CA
:10138800202905D04024611A8E40494631438946B8
:101398004846411E884107002F43EFE5D2085F0702
:1013A80065461743D80887E6171ABA4292419E1B2A
:1013B8005242B61A3302C1D47307FF0865460121A9
:1013C8001F43F0084BE6002F7BD065461E00914670
:1013D8003FE6811A8846C145A441F11A6442091BB7
:1013E80080242404214277D0101A824292410700B7
:1013F8009E1B5242B61A374300D0A0E0654600242F
:1014080000263EE65F07D20865461743D80853E62C
:10141800811891429241F01852428018030200D577
:1014280068E74707C9080F43C008012117E6D20833
:101438005F071743D8083FE60C000026002720E680
:10144800002956D15F07D2081743D80834E60C00A4
:101458001E00D00829E6C10870070143F008002FD4
:1014680062D080242403204207D0DE08264204D11B
:1014780065463000D1085B0719434F0FC900C908FA
:101488007F070F4318E60C003000203CE0408446FC
:10149800202905D04024611A8E40494631438946A7
:1014A8004846411E8841614607000F4330E6202127
:1014B8000027091A0EE51E00002F00D022E500249F
:1014C80058E7002500240026DBE5C046FE0700009B
:1014D800FF070000FFFF7FFF47460F4300D147E7A4
:1014E8000E00C146B5E5DF0864070221274300095D
:1014F800B5E51900C008770707431143F00800292C
:1015080000D1D9E580210903084207D0DC080C4244
:1015180004D1D2085B071A43170020007B0FFF0095
:10152800FF085B071F43C7E50F00C5E5124BD2084C
:1015380033405F075B02012417431E0BA1E52642D7
:1015480012D00D4B6546020001241E40E6E421003E
:1015580085E51700A8E53A00D4E4DB0864071C43D6
:101568002700022100097AE5C00877070743654686
:101578000021F00873E5C046FFFF7FFFF0B5DE46A7
:10158800454657464E46E0B587B0009201930B0397
:101598001B0B9B46CA0F4B00040080465B0D029252
:1015A80000D198E07C4A934237D05946420FC9008F
:1015B8000A43802109041143C2009046774A8946AC
:1015C80092469A44002300240393009E019F3B0304
:1015D8001B0B9B467B0030005B0DFD0F002B59D089
:1015E8006D4A934248D05946720FC9000A43802178
:1015F800090411438B466949F2008C4651466344FD
:10160800CB1A9A460021029E6E40F6B20F2C00D9E2
:10161800CEE0634BA4001B599F465A4602439146AD
:1016280000D090E09A460223904608240393CCE722
:10163800CB464246029D0399022900D1DEE10329E7
:1016480000D18DE0012900D079E12E00002200238D
:10165800002490461B052343F607334340461900F0
:1016680007B0F0BCBB46B246A946A046F0BD002272
:1016780000249046484BEDE75A46009B1A43494BD5
:101688009C46E244002A59D102231C43002302212C
:101698009B46B8E75A46009B1A4349D05B46002B45
:1016A80000D19CE1584601F08BFB020003000B3A85
:1016B8001D27009EBA1A19005846D6400839884096
:1016C800320002439346009A8A40374953448A4677
:1016D80000219A4497E75B460343994621D05B462D
:1016E800002B00D169E1584601F06AFB0B235B42ED
:1016F8009C460200844466461D239B1B260011005D
:101708005846DE4008398840330003439946230091
:101718008B409846254B00249B1A9A460023039336
:1017280053E7002398469A460133042403934CE771
:1017380001231C43002301219B4664E70323320055
:1017480003211C435FE79A460323D9460C240393DD
:101758003BE700238024984600260F4B240379E7B3
:1017680080245B4624031C4324032E0090460A4B26
:10177800240B6FE780244B462403234202D05B46A8
:101788002342F0D080244B4624031C432403029EAA
:10179800014B240B5EE7C046FF07000001FCFFFF7A
:1017A80030C2000801F8FFFFF30300000DFCFFFF43
:1017B800CB4500D2F8E000D1F3E001235B429C4620
:1017C800444648460025E2445B46170E1B021F4369
:1017D800190C3B04120200971F0C914602910397C3
:1017E800FEF72CFD02007A430B04210C80461943B6
:1017F8008A4209D9009F0123BC465B4261449C464A
:10180800E0448F4200D85CE1881A0299FEF716FD81
:10181800039A240442430904240C03000C43A24203
:1018280006D90099013B8C466444A14200D842E1A4
:10183800A01A424612041A4393464B4659461B0CBB
:101848001F0004930B0449460904090C0C001B0CE7
:101858005C43120C7B43884651437A43270CBC46B1
:101868005B186344994203D9802149028C4662443B
:10187800190C24041B04240C8A181C19904202D346
:1018880016D1A54214D25B46009F013B4D440593F7
:101898004D459B41BC465B426344C018874200D318
:1018A80002E1824200D929E100D124E1059B9B464F
:1018B8002C1BA542AD41009B801A6D42401B834200
:1018C80000D10FE10299FEF7B9FC039A0B044243D9
:1018D800210C050019438A4200D9CBE0881A0299E5
:1018E800FEF7ACFC039A240442430904240C0300C9
:1018F8000C43A24200D9CAE04146A41A2A041A435A
:10190800049F13041B0C594340467B439C46150C0B
:1019180068430B0C844463447D43984203D9802078
:10192800400284466544180C09041B04090C40193C
:101938005B18844227D323D0012335001A43944BE4
:101948005344002B60DD510700D086E02E00D108FB
:101958005A46D20106D55A468E4B1A4080239346E2
:10196800DB0053448C4A934200DD80E65A46520716
:101978000A4390465A465B055402240B5B0D69E600
:101988003500002BDBD0009D511EAC466444AC42B0
:1019980000D29EE0844200D2E1E000D1EEE00A00ED
:1019A800CAE7424500D908E74B46DC0758084346D2
:1019B8005B081C434346DD0706E701F001FA1523DF
:1019C8009C4684440200634620321C2B00DC92E6CD
:1019D8002300083883409946002398469AE601F088
:1019E800EFF902000300153220331C2A00DC5FE601
:1019F80000990838814000228B4666E600222E00B6
:101A080000249046654B25E62E000121C91A382985
:101A180000DD1BE61F297EDC6148140050445B464C
:101A280082408340CC40501E824123431A435B4688
:101A3800CB40510709D00F211140042905D0111DB1
:101A48009142924152429B180A00190200D49BE02D
:101A58000022012300249046FCE50F2111400429AF
:101A680000D173E7111D9142924152422E00C908DC
:101A780093446DE7009B013D9C4661448B4200D92D
:101A88002CE78A4200D829E7851E614426E7009999
:101A9800013B8C466444A14200D92DE7A24200D8FC
:101AA8002AE7831E644427E7874200D0FEE6A9455B
:101AB80000D9FBE6F5E6A24200D8B9E6831E6444E5
:101AC800B6E68A4200D89FE6BC46831E9846614423
:101AD8009AE60A00844200D02EE74B4500D02BE757
:101AE80035002CE72A4B2F4A5344924543DB012209
:101AF800002193442CE7AC4200D8D7E602235B428E
:101B08009C4600994D444D459B41E3448C465B42BD
:101B18006344C018CCE61F204042C31A5846D84038
:101B2800202904D05946204B534499400A43531E58
:101B38009A4107231900024300241140134209D097
:101B480008331340042B1DD0131D934289411A00FA
:101B580049424907D2080A43904600237AE5494694
:101B6800009F4D004D458941BC4649426144A94604
:101B7800023A6418AEE70122524246E79945EED38D
:101B88000A00AAE70021E5E759075B021C0BE1E719
:101B9800FF030000FFFFFFFEFE070000FF07000035
:101BA8001E04000002FCFFFF3E040000F0B557468B
:101BB800DE464E464546E0B50D000400E80F834674
:101BC8000903D80F090B824619488C461F03690080
:101BD8005E00490D3F0B760D814218D086420FD02A
:101BE8000120B1420DD1BC450BD1944209D1D34556
:101BF8001CD0002905D160462043431E984100E0CF
:101C08000120F0BCBB46B246A946A046F0BD012063
:101C18008E42F6D1614639430F0017432743F0D16E
:101C28005B465246981A431E9841EAE70020E8E7C7
:101C3800FF070000F0B557464E464546DE46E0B57C
:101C48000D000E034900490D8A46DF0FE90FBC4617
:101C580083B02F4F04008046019158001903914624
:101C6800360B090B400DBA451DD0B8420DD057466A
:101C7800002F2AD13443002824D10A4336D0002C1F
:101C880041D163465800013815E0114338D1534615
:101C9800002B01D12643F4D0019B634507D1019B5A
:101CA8005800013807E026432AD1504521D00120A9
:101CB800019B5F42384303B0F0BCBB46B246A9461D
:101CC800A046F0BD002CDCD0E6E70028EFD0019B51
:101CD8006345ECD18245EADCE1DB8E42E7D8DED110
:101CE800C845E4D80020C845E5D2D8E7002CE2D0A2
:101CF800DDE7114304D1019B6345D8D10020DAE721
:101D080002204042D7E7019B6345E6D0CFE7C046B3
:101D1800FF070000F0B557464E464546DE46E0B59B
:101D28000D000E034900490D8A46DF0FE90FBC4636
:101D380083B02E4F04008046019158001903914644
:101D4800360B090B400DBA451ED0B8420DD0574688
:101D5800002F27D13443002833D10A4334D0002C34
:101D680040D163465800013815E0114312D153465B
:101D7800002B01D12643F4D0019B63451DD00120DF
:101D8800019B5F42384306E0264303D15045F6D114
:101D980011431CD0022003B0F0BCBB46B246A94692
:101DA800A046F0BD0028EAD0019B6345E7D18245F3
:101DB800E5DC02DB8E42E2D80ED0019B58000138E8
:101DC800E9E7002CCDD0D7E7002CE4D0D7E7019B7A
:101DD80000206345DFD0D2E7C845D0D80020C845E9
:101DE800D9D2EAE7019B6345E4D0C8E7FF070000C2
:101DF800F0B557464E46DE464546E0B51F000B0394
:101E08001B0B16009A46CA0F4B000400914685B07A
:101E18005B0D00D1CFE1CD4A934255D05146420FD8
:101E2800C9000A43802109041143C2009046C84AE8
:101E38008A4693469B440023002502933C037B007B
:101E4800FA0F0196240B5B0D009200D188E1BF4A7E
:101E5800934200D192E0BE4A944663449B440A2DC3
:101E680042DCE400730F23438024494624041C43C6
:101E7800F3000193009B00205940CBB20393022D3D
:101E880000DC94E00123AB401D00A6232A00DB0000
:101E98001A401D4200D029E290239B001D4200D128
:101EA8004DE20023802499462403A84B10004A469B
:101EB8001B052343D2071343190005B0F0BCBB46EA
:101EC800B246A946A046F0BD52460243904600D00D
:101ED800ACE19B460223924608250293AEE7009B9D
:101EE800A2469946019B9846029B022B00D1CAE163
:101EF800032B00D192E1012B10D1002300240022F2
:101F0800D4E701227B083A4013435246D2071343D1
:101F1800984653465B089A46039B99465B46581C6D
:101F28008023DB005B44002B00DCB1E14246520712
:101F38000BD00F2241460A40042A06D04246111D02
:101F4800414592418846524292445246D20106D5B2
:101F58005246804B1A4080239246DB00C3187E4AC3
:101F6800934200DD8FE14246D108524652070A43A8
:101F780051465B054C02240B5B0D97E7734B2643D8
:101F88009C46E344002E00D16FE1032349461D43DC
:101F9800009B5940CBB203930A2D00DD33E10123A6
:101FA800AB401D000323029388222A4297D1424660
:101FB80043461204120C160001981D0C030C000471
:101FC800000C4643B4461E006E43009616000700F8
:101FD8005E436146B0466F430E0CB8444644B74270
:101FE80005D9802149028846009F474400976146E9
:101FF8000904090C370C36048C4631006144019100
:102008001100260C2404240C61438C4621006943EA
:1020180089466146090C884672434A4442447543DE
:10202800914503D98021490288464544110C8846C8
:1020380061460904090C8C4612046244B9180291DD
:102048005146090C8C4651460F043F0C3900414358
:1020580045448846614641438A4641466046090CE4
:10206800894658437B4353444B449A4503D98021BE
:10207800490289464844190C894641460904090C15
:102088008846390061431B044344884661464C43F3
:1020980071438C46414677430E0C3F19F619484464
:1020A800B44203D9802149028946CC440299009F51
:1020B800894631044F4489464146974292410C046F
:1020C800240C4C44FF1852426419A1189F429B41AA
:1020D800884682465B42994690459241AC42A4416B
:1020E800C244D14452426442144399459B418245BB
:1020F80092415B42524213434A46360CA419E318F4
:1021080063445B02D20D1A43019992467A020A434C
:10211800501E8241FF0D17434A4652021743B846E4
:10212800DB0100D5EDE60D4B039A5B449146002B8D
:1021380000DCACE03A00520700D110E70F22584605
:102148003A40042A00D0F9E609E7C046FF07000034
:1021580001FCFFFFFFFFFFFEFE070000FF0300007A
:10216800220032436FD0002C00D1C2E0200000F0E2
:1021780027FE020003000B3A1D20821A30001900C6
:10218800D04008398C400200224334008C40594624
:10219800CB1A86498B469B440A2D00DDA4E64946A6
:1021A800009B01945940CBB2140000200393022DE8
:1021B80000DD67E6FBE65346034398463CD05346AA
:1021C800002B00D1A3E0504600F0FAFD0B235B4240
:1021D8009C460200844411005046083988401D235B
:1021E800804660461B1A2000D8400300404603433F
:1021F8009A4623008B4098466C4B00259B1A9B46B9
:10220800002302931AE60F2D00D0C9E0802352461E
:102218001B031A4202D01C4200D192E0802453468C
:1022280024031C4324034246240B3EE69B46032317
:1022380080460C25029301E600239A469B4601330B
:1022480004250293FAE501210D430A2D00DD4BE632
:10225800494600984140C9B20391022D00DC96E03E
:1022680000230024012001930CE649460223009A2A
:102278002B435140CAB203920A2B00DD34E6002DED
:1022880057D1039B994600240022494B0EE6584635
:102298000121C91A382900DD2FE61F2956DD1F2222
:1022A80054465242D31ADC40202907D0414B4246BB
:1022B8009C465346604483401A4390464246072151
:1022C800531E9A410B00224313400024114209D0A7
:1022D8000F231340042B5DD0111D91429B410A002E
:1022E8005B425B07D2081A430023DFE5039B99464C
:1022F800FAE5019800F064FD02000300153220336E
:102308001C2A00DC38E7019A083882403FE700F0D1
:1023180057FD15239C4684440200634620321C2B3B
:1023280000DC58E7002398462300083883409A4683
:1023380062E71D000023002402200193A2E5029019
:1023480032E61C43009B019A9946AEE51A4B524669
:10235800C31840469A40C84002434046984003008C
:10236800581E834154461A43CC40530709D00F23C3
:102378001340042B05D0131D934292415242A418D6
:102388001A00230208D50123002400228EE589467D
:1023980000248BE50023A5E763076402240BA1E76B
:1023A800009BA2469946019B984637E70DFCFFFF24
:1023B800FF0700003E0400001E040000F0B5574669
:1023C8004E464546DE46E0B583B0009001910C03C9
:1023D8004D00CE0F610A009C5F00640F0C4300990A
:1023E80000920193C80019037B0D9946019BCC4FBD
:1023F800DB0F9C464B0A00998046490F1943009B06
:102408008B46DA0092466D0DB94500D1BFE0012335
:10241800614659404B468C46EB1A8E4275D0002BCC
:1024280000DCA3E24946002900D1CEE0BD4200D13C
:1024380000E20127382B19DC802759463F0439432D
:102448008B461F2B00DDFAE12027F91A8C465946E6
:102458006746B9400F001100D9400F4361468A40D2
:10246800511E8A415946D9401743641AC71BB842BE
:1024780080414042241A230200D440E16402640AE5
:10248800002C00D154E1200000F09AFC0300083B26
:1024980020213800CA1AD0409C4002009F402243A5
:1024A8009D4200DDA6E1581B0130091A3C008F400F
:1024B800C4407B1E9F4113008B4027431F43C240EB
:1024C8003B0014000025134300D1F7E17B0700D13E
:1024D80077E30F2338003B40042B04D0381DB84263
:1024E800BF417F42E419230200D468E38C4B0135D5
:1024F8009D4200D1F4E08B4B6D051C406D0D6707C4
:10250800C00864020743240BECE0002B00DC29E33D
:102518004946002900D0D6E05946114300D12EE1A2
:10252800591E012B00D1E6E1BB4200D182E101270F
:102538000B00382914DC1F2B00DD3CE22027F91A98
:102548008C4659466746B9400F001100D9400F43E1
:1025580061468A40511E8A415946D940174364183A
:102568003F188742804140422418230200D4C6E025
:102578006B4B01359D4200D1B2E00121694B7A08CD
:102588001C4039400A43E707174364089EE7664B37
:1025980011438A46EB18002928D066452CD0002B19
:1025A8005BD0002D00D12CE15B4666465F07D20860
:1025B8001743DD083B002B4300D1E2E080242403CD
:1025C8002C432403564D240B8CE05946114300D16B
:1025D800D5E0591E012B00D1B9E1BB4200D1B1E1D0
:1025E80001270B00382900DD40E72AE7614601276B
:1025F80079408C466645D2D1002B00D1C5E0002D2C
:1026080000D055E14B462500054300D112E2591E82
:102618008C46012B00D149E2414DAB4200D18FE2FB
:102628000127382911DC63461F2B00DD5BE2614678
:10263800202327005B1A050098409F40CD40431E89
:102648009841CC402F430743A344BF189742924177
:1026580052425A4414004D4687E7344F6B1C3B42A4
:1026680000D0B6E05946230011430F000343002D64
:1026780000D026E1002B00D1C0E1002900D1A1E063
:10268800831A98465B464045AD41E31A6D425B1B91
:1026980080252D042B4200D14BE15B46101A824263
:1026A80092411C1B0700012663465242A41A274385
:1026B8001E40002F00D142E12C4200D16DE2194B9F
:1026C80001251C401BE7BD4200D13BE10127382B07
:1026D80000DD45E7802759463F0439438B462AE702
:1026E800002400272D052543F60735433800290027
:1026F80003B0F0BCBB46B246A946A046F0BD7B0776
:1027080004D00F233B40042B00D0E7E62B00F80849
:10271800034A67070743E508934200D14AE7A5E063
:10272800FF070000FFFF7FFF01F8FFFFFE07000023
:10273800380000F045FB030018331F2B00DCA7E628
:102748003A00083882409D4200DD8AE05B1B581C35
:102758001F2800DCD8E117001F3BDF40202805D0E8
:1027680040231B1A9A40531E9A4117430025002FF5
:1027780000D1E5E07B0700D0ABE62C00C6E7C00837
:10278800C6E700270024D14DACE7D14F6B1C3B4274
:1027980071D123000343002D00D04EE15746002B92
:1027A80000D1B5E1002F0DD08318834280415C44ED
:1027B80040422418220200D5C8E11F00984627434A
:1027C80000D1BCE043466707DB081F43E508002348
:1027D8004CE0831A98465B464045BF41E31A7F4266
:1027E800DB1B1F027CD447461F4300D1A6E01C0018
:1027F800474645E6B74CED1A14407B0700D080E702
:1028080084E74B462500054366D05F1E012B00D1A7
:10281800FCE0AE4DAB4200D15EE16646382F00DCED
:10282800B4E00120171ABA4292415B4652424D4623
:102838009C1A20E66707C0080743E508BAE61F00A8
:102848005946203FF9400F00202B05D04021CB1AD4
:10285800594699400A43924653465A1E93411F438C
:1028680004E6EB1A9B4D15406F07ED082C035D0538
:10287800240B6D0D36E7954DAB4200D1D6E082189A
:10288800210082428041594440420818C707520833
:1028980017434408520700D485E10F221D003A402F
:1028A800042A00D01AE6FF08640727430509DDE774
:1028B8005B46D2085F071743DD087BE60027002444
:1028C80010E7002B00D0D6E0002900D02FE18024AB
:1028D80000267E4D240305E766465C46D00817E7C8
:1028E8005B46171ABA4292411C1B012663465242A4
:1028F800A41A1E40C4E58318834280415C444042C8
:1029080025182A0200D4DAE0724A5B081540EA0763
:102918001A4369085B0700D44AE10F231340042BCC
:1029280000D1FCE0171D9742A441644202256418B7
:10293800ECE647461C001F4300D043E7002600256D
:102948000024CFE6C00867070743E50832E6871A80
:102958005B46B8428041E41A4042241A230228D434
:102968006307FF081F43E50801237FE7002B00D119
:1029780073E64B465F1B3B00002D00D142E7382F22
:1029880000DDECE080230E001B041C431F2F25DC18
:1029980020252300ED1B0100A840AB40F940451E4F
:1029A800A8410B43FC4018435B461B1B9B4639E779
:1029B8006646012562E51F005946203FF9408C46CE
:1029C800202B05D040275946FB1A99400A439246C6
:1029D80057467B1E9F4163461F43C1E53B002500C8
:1029E800203BDD40202F04D04023DB1B9C402043AC
:1029F80080464046431E9841284313E700299DD04E
:102A0800012663465C4690461E40DBE6171A5B4685
:102A1800BA4292411C1B5242A41A2302C8D463072B
:102A2800FF081F4366460123E5081FE71D00002431
:102A3800002757E65C46D0086AE6002B00D137E746
:102A48005346C00867070743E508002B00D1B1E5E6
:102A580080231B031D4208D05946C808184204D1D8
:102A6800D20849070A43170005007B0FFF00FF083B
:102A78005B071F439EE5C00863071843E508002964
:102A880053D080231B031D420AD05946CC081C4250
:102A980006D1012663462500D008490708431E4091
:102AA800470FC000C0087F07074383E58318934298
:102AB80092415C445242A5182A0200D524E76F07C8
:102AC800DB081F43ED080123D0E6C046FF070000DE
:102AD800FE070000FFFF7FFF5B46D2085F076646E0
:102AE8001743DD0866E52500203BDD406346202BC3
:102AF80005D0402361465B1A9C40204380464746E8
:102B08007B1E9F412F43A0E520210027091AD2E40C
:102B1800002F00D113E75C4617000025F6E5D7081B
:102B2800490702230F432D09A0E6070042E55B464B
:102B380001265F07DD086346D20817431E4039E5C2
:102B48005B46D2085F071743DD0833E51E4ADB08FA
:102B580022405707520201251F43140BC2E50E00FD
:102B680001205FE6002B0DD04B465B1B9C46002DD9
:102B780000D148E50127382B00DD66E580231B04DA
:102B88001C4350E56B1C114D2B4200D073E659468F
:102B9800230011438A46034300E66707C008002361
:102BA8000743E50862E66407FF08274305095DE671
:102BB800D208490711430F0002232D0956E60700E2
:102BC800A4E538008FE4C046FFFF7FFFFE07000042
:102BD800F0B5C6461E03360BB0460D4E0C034D002D
:102BE8005F0000B5240B6D0D7F0DB5420BD0084971
:102BF80000208F4204D1464616433000431E9841B8
:102C080080BCB846F0BD04430120002CF8D1EEE7A3
:102C1800FF0700000B00020070B5164D0C0382B0D0
:102C28004900002000920193240B490DDE0FA942B0
:102C380004DD1148814203DD104BF01802B070BD6D
:102C48008020400320430E4C641A1F2C08DD0D4BD6
:102C58005B1AD84003005842002EEFD11800EDE768
:102C6800094B009A9C46030061448B40E2401343A1
:102C7800F1E7C046FE0300001D040000FFFFFF7FD0
:102C88003304000013040000EDFBFFFF70B50028BB
:102C980016D0C317C5185D40C40F280000F090F87F
:102CA800104B1B1A5B055B0D0A2814DC02002E0072
:102CB800153296400B22121AD5402D032D0B03E036
:102CC80000240023002500261B052B43E40723438B
:102CD8003000190070BD0B3885402D0300262D0BE0
:102CE800F2E7C0461E04000010B5041E10D000F024
:102CF80067F80E4B1B1A5B055B0D0A280FDC0B22CD
:102D08002100121AD14015300A038440120B01E049
:102D1800002300221B0513432000190010BD2200C8
:102D28000B38824012030024120BF3E71E04000044
:102D380070B542024300C40FFE201B0E591C550AF1
:102D480008420CD0E02189008C466D07120B6344C1
:102D58001B051343E40723432800190070BD002B0B
:102D680014D1002D1BD0280000F02AF80A281CDCFA
:102D78000B232A001B1ADA40030015339D400E4B23
:102D880012031B1A5B05120B5B0DE1E7002D09D03E
:102D9800130B802212031A436D07084BD8E7002350
:102DA8000022D5E70022054BD2E703002A000B3B9F
:102DB8009A400025E3E7C04689030000FF070000AA
:102DC8001C2101231B04984201D3000C10391B0A53
:102DD800984201D3000A08391B09984201D3000917
:102DE800043902A2105C40187047C046040302026E
:102DF80001010101000000000000000010B50029D9
:102E080003D1FFF7DDFF203002E00800FFF7D8FF0D
:102E180010BDC046B0B592B000AF01F049FA00F05D
:102E280097F800F09FF900F069F900F029F900F02F
:102E3800E9F8FA235B00180001F0C0FA384939486C
:102E48003223142203F07AFA364B374A374C802162
:102E58008800210000F074FC3549324832231622DC
:102E680003F06CFA082000F00BFD32492D4832239C
:102E7800172203F063FA372000F002FD2E49294893
:102E88003223172203F05AFA3B2000F0F9FC2B49B1
:102E980024483223172203F051FA3A2000F0F0FCBC
:102EA8002749204832232D2203F048FA24257B198C
:102EB800244A13CA13C313CA13C303CA03C311880A
:102EC800198092789A703B001F4A13CA13C313CA19
:102ED80013C303CA03C312881A807919114832230D
:102EE800232203F02BFA122000F0CAFC39000D4807
:102EF8003223222203F022FA144B0022DA61122034
:102F080000F0BEFCA023DB050221180001F0A5FD9E
:102F1800FA239B00180001F051FAC046F2E7C046B8
:102F280000000020DC07002078070020000800507F
:102F380020BF000838BF000850BF000868BF00085D
:102F480080BF0008ACBF0008D0BF000814070020ED
:102F580090B593B000AF14243B19180034231A001D
:102F6800002104F065FB3B1D180010231A00002106
:102F780004F05EFB80239B00180001F089FD3B19DB
:102F880002221A603B1980225200DA6021007B1865
:102F980000221A617B1840225A617B180222DA61EA
:102FA8007B1802221A627B1800225A627B180822B8
:102FB8009A627B1880229202DA627B18802292053C
:102FC8001A637B18180001F0AFFD031E01D000F052
:102FD80059F93B1D07221A603B1D02225A603B1D0E
:102FE80000229A603B1D0022DA603B1D0221180076
:102FF80002F0AAF8031E01D000F044F9C046BD460D
:1030080013B090BD80B500AF1B4B1C4A1A601A4B19
:10301800822252005A60184B00229A60164BE02216
:10302800D200DA60144B00221A61134B00225A6155
:10303800114B802292009A610F4B3822DA610E4BB5
:1030480000221A620C4B00225A620B4B00229A6231
:10305800094B0722DA62084B00221A63064B00224A
:103068005A63054B180002F019FA031E01D000F04C
:1030780009F9C046BD4680BD140700200030014054
:1030880080B500AF1B4B1C4A1A601A4B82225200B3
:103098005A60184B00229A60164BE022D200DA6080
:1030A800144B00221A61134B00225A61114B8022E3
:1030B80092009A610F4B3822DA610E4B00221A6295
:1030C8000C4B00225A620B4B00229A62094B0722D2
:1030D800DA62084B00221A63064B00225A63054B3A
:1030E800180002F0DBF9031E01D000F0CBF8C0464F
:1030F800BD4680BD780700200038004080B500AF8D
:10310800164B174A1A60154BE12252025A60134BAC
:1031180000229A60114B0022DA60104B00221A61DB
:103128000E4B0C225A610D4B00229A610B4B002268
:10313800DA610A4B00221A62084B00225A62074BD6
:1031480000229A62054B180003F0A2F8031E01D072
:1031580000F098F8C046BD4680BDC046DC07002098
:10316800004C004090B589B000AF0C243B19180002
:1031780014231A00002104F05BFA2E4B5A6B2D4BD6
:1031880004210A435A632B4B5B6B04221340BB6038
:10319800BB68284B5A6B274B01210A435A63254BBE
:1031A8005B6B012213407B607B68224B5A6B214B7F
:1031B80002210A435A631F4B5B6B022213403B6098
:1031C8003B68A023DB0500220A21180001F028FC37
:1031D80080239B0018480022190001F021FC3B19AC
:1031E8000A221A603B1901225A603B1900229A6090
:1031F8003B190022DA603A19A023DB0511001800F8
:1032080001F0AAFA21007B18802292001A607B182C
:1032180001225A607B1800229A607B180122DA602A
:103228007B18054A1900100001F096FAC046BD4601
:1032380009B090BD001002400008005080B582B06F
:1032480000AF786000F004F8C046BD4602B080BD0B
:1032580080B582B000AF00237B600BE0A023DB05C4
:103268000221180001F0F9FB0A2001F0A7F87B6899
:1032780001337B607B68092BF0DDC046C046BD4644
:1032880002B080BD80B500AF72B6C046C046FDE74B
:1032980080B582B000AF0F4B1A6C0E4B01210A4368
:1032A8001A640C4B1B6C012213407B607B68094B32
:1032B800DA6B084B802149050A43DA63054BDA6B60
:1032C80080235B0513403B603B68C046BD4602B0A7
:1032D80080BDC0460010024090B58DB000AF786048
:1032E8001C243B19180014231A00002104F0A0F92B
:1032F8007B681B68484A934231D1484B1A6C474B4C
:10330800802149010A431A64444B1A6C80235B01EB
:103318001340BB61BB69414B5A6B404B01210A43C7
:103328005A633E4B5B6B012213407B617B69210032
:103338007B1864221A607B1802225A607B180022CC
:103348009A607B180022DA607B1800221A617A18CA
:10335800A023DB051100180001F0FEF957E07B6897
:103368001B682F4A934252D12C4BDA6B2B4B80218E
:10337800C9010A43DA63294BDA6B8023DB01134066
:103388003B613B69254B5A6B244B04210A435A6322
:10339800224B5B6B04221340FB60FB681F4B5A6B8C
:1033A8001E4B02210A435A631C4B5B6B02221340DB
:1033B800BB60BB681C243B190C221A603B19022213
:1033C8005A603B1900229A603B190222DA603B19C5
:1033D80001221A613B19134A1900100001F0BCF9C7
:1033E80021007B18802292011A607B1802225A6001
:1033F8007B1800229A607B180222DA607B18002270
:103408001A617B18084A1900100001F0A5F9C04696
:10341800BD460DB090BDC0460030014000100240CE
:1034280000380040000800500004005090B58BB0F0
:1034380000AF786014243B19180014231A000021E7
:1034480004F0F6F87B681B68304A93425AD1304B37
:10345800DA6B2F4B802109030A43DA632C4BDA6BB2
:1034680080231B0313403B613B69294B5A6B284B54
:1034780004210A435A63264B5B6B04221340FB600A
:10348800FB68234B5A6B224B01210A435A63204B9A
:103498005B6B01221340BB60BB683B1980221201A1
:1034A8001A603B1902225A603B1900229A603B19A4
:1034B8000022DA603B1901221A613B19154A1900EA
:1034C800100001F049F921007B1801221A607B18CD
:1034D80002225A607B1800229A607B180022DA6068
:1034E8007B1804221A617A18A023DB051100180042
:1034F80001F032F9002202211D2001F02FF81D20D1
:1035080001F041F8C046BD460BB090BD004C0040EC
:10351800001002400008005080B500AFC046FDE72B
:1035280080B500AFC046FDE780B500AFC046BD46D8
:1035380080BD80B500AFC046BD4680BD80B500AF38
:1035480000F020FFC046BD4680BD000080B500AF3A
:10355800034B180002F0A0FFC046BD4680BDC04620
:10356800DC07002080B500AF01231800BD4680BDF0
:1035780080B582B000AF7860396004F0AFF803001E
:1035880016221A6001235B421800BD4602B080BDB6
:1035980080B582B000AF786001235A427B68110081
:1035A8001800FFF7E5FFC046FDE780B586B000AF1D
:1035B800F860B9607A6000237B610AE000E000BF30
:1035C8000100BB685A1CBA60CAB21A707B69013321
:1035D8007B617A697B689A42F0DB7B681800BD469C
:1035E80006B080BD80B586B000AFF860B9607A607B
:1035F80000237B6109E0BB685A1CBA601B7818007D
:1036080000E000BF7B6901337B617A697B689A427D
:10361800F1DB7B681800BD4606B080BD80B582B07E
:1036280000AF786001235B421800BD4602B080BD40
:1036380080B582B000AF786039603B688022920123
:103648005A6000231800BD4602B080BD80B582B024
:1036580000AF786001231800BD4602B080BD80B578
:1036680084B000AFF860B9607A6000231800BD46E6
:1036780004B080BD80B586B000AF7860144A154BA1
:10368800D31A7B617B693B61134B1B68002B02D10A
:10369800114B124A1A60104B1A687B68D3183A69A2
:1036A8009A4207D204F01AF803000C221A60012388
:1036B8005B4209E0084B1B68FB60074B1A687B6894
:1036C800D218054B1A60FB681800BD4606B080BDCD
:1036D800009000200004000070080020980D0020D1
:1036E80080B500AFC046BD4680BD00000D48854688
:1036F800FFF7F6FF0C480D490D4A002302E0D458A5
:10370800C4500433C4188C42F9D30A4A0A4C002323
:1037180001E013600432A242FBD303F0E5FFFFF798
:1037280079FBFEE70090002000000020F80600204A
:1037380080C70008F8060020980D0020FEE700006A
:1037480090B58BB002AFB9607A603B600E243B192C
:10375800021C1A80414B3A1912881A803F4BBA68EA
:103768005A603E4B7A689A603C4B3A68DA60FA20B5
:1037780000F024FE3B191988BB680122180001F0EB
:103788004FF9364BD868364932230B2202F0D6FD62
:103798000023FB6108E0334978680A23012201F01D
:1037A80035FFFB690133FB61FB690C2BF3DD2B4B08
:1037B800D8682D493223152202F0C0FD1423FB18C6
:1037C8002A4A1168196092889A8039E0322000F0FC
:1037D800F5FD0E23FB181988BB680022180001F0BC
:1037E8001FF91423F91878686423062201F00EFFE4
:1037F8001A4BD8681E493223142202F09FFD1D4A35
:103808001849786832230093012302F097F91A4B7C
:103818001B780133DAB2184B1A70164B1B78FF2B42
:1038280003D1154B1B781E2BE9D1134B00221A70BC
:103838000E23FB181988BB680122180001F0F0F864
:103848000C4B1B78012BC1D10C4938686423112219
:1038580002F074FDC046BD4609B090BD780A00204C
:10386800F4BF00081800002000C000083CC0000891
:1038780014C00008750800207408002028C000083B
:10388800F0B5DFB006AF0200D74BB02149005B1896
:10389800DB191A70D44B5B18DB191B783B2B01D949
:1038A80000F0EDFC9A00D14BD3181B689F46D04B13
:1038B8005868CF4B1B889BB20022190001F0B0F862
:1038C800CB4B9868CB496423062201F09FFE002366
:1038D800AE225200BA18136028E0C54B9868C64A51
:1038E800C64932230093012302F028F9C24B1B7802
:1038F800FF2B14D0C04B1B78C14A3C243819322105
:1039080003F014FE0300FC22B9180B60B84BD8680A
:10391800BB181B689AB23919642302F00FFDAE2256
:103928005200BB181B680133BA181360AE235B0042
:10393800FB181B68092BD0DDAD4B5868AC4B1B88B6
:103948009BB20122190001F06BF800F09BFCC42324
:10395800FB18FF221A70BC243B19AA4A1168196087
:1039680092889A80B423FB18A74A11681960928834
:103978009A809F4B58689E4B1B889BB20022190067
:1039880001F04EF89A4B986839196423062201F021
:103998003DFE974B9868C5243A19C423F918642347
:1039A8000093012302F0CAF82200BB181B78FF2BF2
:1039B800EFD0BB181B78954A3C257819402103F0B5
:1039C800B5FD8B4BDC687B191800FCF795FB0300F1
:1039D8009AB279196423200002F0B0FC844B9868ED
:1039E800B423F9186423062201F010FE804B98686E
:1039F800C5257A19C423F91864230093012302F01A
:103A08009DF87B191B78FF2BF0D07B191B78804A17
:103A18003C26B819402103F089FD754BDC68BB19B9
:103A28001800FCF769FB03009AB2B9196423200057
:103A380002F084FC7B191B78002B08D06C4BD868EB
:103A4800744964230E2202F079FC00F01BFC724BCF
:103A5800AC225200BA181360654B9868C5243A190D
:103A6800C423F91864230093012302F067F83B1973
:103A78001B78FE2B0AD0AC225200BB181B68013BF6
:103A8800B9180B60BB181B68002BE5D1AC235B0091
:103A9800FB181B68002B08D1554BD8685F49642375
:103AA8000F2202F04BFC00F0EDFB514BD8685C494B
:103AB80064230C2202F042FC00F076FC030086220C
:103AC8005200BA1813600023AA225200BA181360D1
:103AD80011E0474B986880239B00524AC42179180B
:103AE8006424009402F02AF8AA225200BB181B682A
:103AF8000133BA181360AA235B00FB181A688023E5
:103B08005B029A42E5DB00F04FFC03001800FDF76A
:103B180029F9041C86235B00FB181868FDF722F9B5
:103B2800031C191C201CFCF7B9FE031C3E49181C79
:103B3800FCF79EFD031C84225200B9180B60BB18C9
:103B48001868FFF7F5F802000B00384908243819FF
:103B5800009201930A00322103F0E8FC03007A1D69
:103B6800FF321360224BD8687B1DFF331B689AB263
:103B78003919642302F0E2FB1D4B9868294AC424D2
:103B8800391964230093022301F0D8FF184B5868B1
:103B9800174B1B889BB20122190000F041FF144B00
:103BA800986839196423012201F030FD6AE3F02492
:103BB8003B191F4A1A6000229A800D4B58680C4B1B
:103BC8001B889BB20022190000F02AFF084B986856
:103BD80039196423062201F019FD0023A822520096
:103BE800BA1813604FE0C046A7FEFFFFD8C200080E
:103BF800780A0020D0C200087508002018000020AC
:103C080044C0000884C100088CC1000858C00008DE
:103C180070C0000888C00008A086010098C000088D
:103C2800A8C000087808002000007A44B8C000083E
:103C380041002000D34B9868D34AD44932230093DB
:103C4800012301F07BFFD04B1B78FF2B14D0CE4B08
:103C58001B78CF4A3C243819322103F067FC030053
:103C6800F822B9180B60C74BD868BB181B689AB202
:103C78003919642302F062FBA8225200BB181B68A2
:103C88000133BA181360A8235B00FB181B68092BC3
:103C9800D0DDBC4B5868BB4B1B889BB20122190076
:103CA80000F0BEFEEEE2E8243B194D221A60002225
:103CB8009A80B44B5868B34B1B889BB200221900FA
:103CC80000F0AEFEAF4B986839196423062201F064
:103CD8009DFC0023A6225200BA18136029E0A94BC4
:103CE8009868A94AA94932230093012301F026FFC5
:103CF800A54B1B78FF2B15D0A34B1B78A54A3C245A
:103D08003819322103F012FC03007A1CFF321360C9
:103D18009C4BD8687B1CFF331B689AB23919642303
:103D280002F00CFBA6225200BB181B680133BA181C
:103D38001360A6235B00FB181B680E2BCFDD914B8D
:103D48005868904B1B889BB20122190000F068FE4E
:103D580098E2E0243B197A221A6000229A80894B63
:103D68005868884B1B889BB20022190000F058FE47
:103D7800844B986839196423062201F047FC002314
:103D8800A4225200BA18136029E07E4B98687E4A34
:103D98007E4932230093012301F0D0FE7A4B1B7831
:103DA800FF2B15D0784B1B787B4A3C2438193221DD
:103DB80003F0BCFB030094225200B9180B60714B4E
:103DC800D868BB181B689AB23919642302F0B6FA8E
:103DD800A4225200BB181B680133BA181360A4232D
:103DE8005B00FB181B680E2BCFDD664B5868654BD4
:103DF8001B889BB20122190000F012FE42E2D8246F
:103E08003B197B221A6000229A805E4B58685D4BF2
:103E18001B889BB20022190000F002FE594B9868DB
:103E280039196423062201F0F1FB0023A222520073
:103E3800BA18136029E0534B9868534A5349322300
:103E48000093012301F07AFE4F4B1B78FF2B15D00E
:103E58004D4B1B78514A3C243819322103F066FB3C
:103E6800030096225200B9180B60464BD868BB185D
:103E78001B689AB23919642302F060FAA222520030
:103E8800BB181B680133BA181360A2235B00FB1828
:103E98001B680E2BCFDD3B4B58683A4B1B889BB2F7
:103EA8000122190000F0BCFDECE1D723FB18FF222A
:103EB8001A70344B5868334B1B889BB20022190088
:103EC80000F0AEFDAC243B19354A116819609288A0
:103ED8009A802C4B986839190A23062201F096FB20
:103EE8000023A0225200BA1813600EE0254B9868F0
:103EF800D723F9180A23012201F0DAFCA022520084
:103F0800BB181B680133BA181360A0235B00FB18A9
:103F18001B68092B04DCD723FB181B78FF2BE5D083
:103F2800184B5868174B1B889BB20122190000F0E8
:103F380077FD144B98681B490A23012201F066FBA0
:103F4800104B58680F4B1B889BB20022190000F0D9
:103F580067FDA4243B19144A1168196092889A8055
:103F6800084B986839190A23062201F04FFBD7231A
:103F7800FB18FF221A7000239E225200BA18136001
:103F880023E0C046780A00207508002018000020A9
:103F9800D8C00008ECC0000800C1000814C100081F
:103FA80094C10008190000209CC10008B74B98680C
:103FB800D723F9180A23012201F07AFC9E22520025
:103FC800BB181B680133BA1813609E235B00FB18EB
:103FD8001B68092B04DCD723FB181B78FF2BE5D0C3
:103FE800AA4B5868A94B1B889BB20122190000F004
:103FF80017FDA64B9868A6490A23012201F006FB83
:10400800D723FB181B78002B00D052E73AE1D024C5
:104018003B19A04A1168196092889A80C823FB1836
:104028009D4A1168196092889A8093235B00FB1857
:10403800802212011A8000239C225200BA181360B1
:10404800924B5868914B1B889BB20022190000F0D4
:10405800E7FC8E4B986839196423062201F0D6FADA
:10406800031E00D00DE100239A225200BA181360F3
:1040780011E0864B986889490A23012201F018FC4F
:10408800864B1B78002B0DD09A225200BB181B6858
:104098000133BA1813609A235B00FB181B68092BBD
:1040A800E7DD00E0C0467D4B1B78002B10D0774B36
:1040B800D8687B4964230E2202F040F9734B586894
:1040C800724B1B889BB20122190000F0A9FCD9E0B1
:1040D80000F06AF9030090225200BA181360002316
:1040E80098225200BA18136049E0C723FB18FF2230
:1040F8001A7000F059F903008E225200BA181360A2
:1041080007E0624B9868C723F9180123012201F0E0
:10411800CFFBC723FB181B78FE2B0BD000F044F90C
:1041280002008E235B00FB181B68D21AFA235B007F
:104138009A42E6D3C723FB181B78FE2B10D1534BAA
:10414800986880239A005749642301F0B1FB4F4BCC
:104158009868A023F9186423022201F0A9FB07E05C
:104168009C225200BB181B680133BA18136010E078
:1041780098225200BB181B680133BA1813609323A6
:104188005B00FB181B8898225200BA1812689A42E2
:10419800ABDB3E4B9868C823F9186423062201F06C
:1041A80035FA3A4B98683D490A23012201F080FB11
:1041B800364B986839490A23012201F079FB00F04F
:1041C800F3F803008C2464003A1913602F4B5868E5
:1041D8002E4B1B889BB20122190000F021FCC6213E
:1041E8007B18FF221A70294B986879180A23012234
:1041F80001F00CFA3B191A6890235B00FB181B6846
:10420800D31A1800FCF7AEFD031C2749181CFCF74D
:104218002FFA031C8A267600BA191360BB1918688E
:10422800FEF786FD04000D00BB1919688820C0053B
:10423800FCF71EFA031C181CFEF77AFD02000B009F
:104248001A493C26B819049205939C235B00FB1875
:104258001B680293009401950A00642103F066F933
:10426800030088225200B9180B60084BD868BB18A5
:104278001B689AB2B919C82302F060F802E0C04678
:1042880000E0C046C046BD4659B0F0BD780A0020DF
:1042980019000020A4C10008ACC10008750800205E
:1042A80028C100087808002000007A4438C10008B6
:1042B80080B582B000AFFB1D00221A700B4B1A6844
:1042C8000A4B802149000A431A60002000F010F8C8
:1042D800031E03D0FB1D01221A7001E0FEF7D8FF70
:1042E800FB1D1B781800BD4602B080BD00200240AF
:1042F80090B585B000AF78600F23FB1800221A70C4
:104308001D4B1B78002B2BD01C4B1C681A4B1B78A1
:104318001900FA239800FBF70BFF0300190020008F
:10432800FBF706FF0300180000F03DF9031E12D149
:104338007B68032B0AD8796801235B4200221800A6
:1043480000F00CF90E4B7A681A600DE00F23FB1889
:1043580001221A7008E00F23FB1801221A7003E0EB
:104368000F23FB1801221A700F23FB181B78180063
:10437800BD4605B090BDC0462000002014000020B6
:104388001C00002080B500AF054B1B781A00054BB8
:104398001B68D218034B1A60C046BD4680BDC04694
:1043A80020000020880A002080B500AF024B1B685F
:1043B8001800BD4680BDC046880A002080B584B07C
:1043C80000AF7860FFF7F0FF0300BB607B68FB601D
:1043D800FB68013305D00A4B1B781A00FB689B1851
:1043E800FB60C046FFF7E0FF0200BB68D31AFA681B
:1043F8009A42F7D8C046C046BD4604B080BDC04604
:104408002000002080B582B000AF0200FB1D1A70AA
:10441800FB1D1B787F2B09D8FB1D1B781A001F2357
:104428001A40044B012191400A001A60C046BD465B
:1044380002B080BD00E100E090B583B000AF02009B
:104448003960FB1D1A70FB1D1B787F2B28D82F4A5B
:10445800FB1D1B785BB29B08C0339B009B58FA1D61
:104468001278110003220A40D200FF2191400A006D
:10447800D2431A4011003B689B01FF221A40FB1DE2
:104488001B78180003230340DB009A401F48FB1DDC
:104498001B785BB29B080A43C0339B001A5031E07B
:1044A8001B4AFB1D1B7819000F230B40083B9B0878
:1044B80006339B00D31804331B68FA1D12781100C9
:1044C80003220A40D200FF2191400A00D2431A4039
:1044D80011003B689B01FF221A40FB1D1B78180046
:1044E80003230340DB009A400948FB1D1B781C008E
:1044F8000F232340083B9B080A4306339B00C3183D
:1045080004331A60C046BD4603B090BD00E100E028
:1045180000ED00E080B582B000AF78607B685A1E7D
:1045280080235B049A4201D3012310E00A4B7A6886
:10453800013A5A6001235B4203211800FFF77CFF10
:10454800054B00229A60044B07221A6000231800CA
:10455800BD4602B080BDC04610E000E080B584B022
:1045680000AFB9607A600F217B18021C1A70BA6814
:104578007B181B785BB211001800FFF75DFFC0467F
:10458800BD4604B080BD80B582B000AF0200FB1DFF
:104598001A70FB1D1B785BB21800FFF733FFC0468B
:1045A800BD4602B080BD80B582B000AF78607B6840
:1045B8001800FFF7AFFF03001800BD4602B080BD2A
:1045C80080B582B000AF78607B68002B01D10123F1
:1045D80050E07B6825229B5CDBB2022B08D07B680D
:1045E8000422DA637B68242200219954012341E0E4
:1045F8007B681B681A687B681B6801218A431A60FC
:104608007B681B681A687B681B680E218A431A60DE
:104618007B685B6C1A687B685B6C18490A401A6097
:10462800174B59687B681B6C1C22134001229A4067
:10463800134B0A435A607B689B6C7A68D26C5A6049
:104648007B681B6D002B0CD07B681B6D1A687B6820
:104658001B6D0A490A401A607B685B6D7A68926D27
:104668005A607B682522012199547B682422002105
:10467800995400231800BD4602B080BDFFFEFFFF1D
:104688000000024080B584B000AF78600F217B182D
:1046980000221A707B6825229B5CDBB2022B06D0B5
:1046A8007B680422DA637B1801221A7049E07B6870
:1046B8001B681A687B681B6801218A431A607B683B
:1046C8001B681A687B681B680E218A431A607B681E
:1046D8005B6C1A687B685B6C1D490A401A601D4B4D
:1046E80059687B681B6C1C22134001229A40194BA5
:1046F8000A435A607B689B6C7A68D26C5A607B6804
:104708001B6D002B0CD07B681B6D1A687B681B6DBA
:104718000F490A401A607B685B6D7A68926D5A602F
:104728007B682522012199547B6824220021995411
:104738007B689B6B002B04D07B689B6B7A681000AE
:1047480098470F23FB181B781800BD4604B080BD9E
:10475800FFFEFFFF0000024080B586B000AF786022
:10476800396000237B6147E13B681B6801217A6956
:1047780091400A001340FB60FB68002B00D138E130
:104788003B685B6803221340012B05D03B685B68DC
:1047980003221340022B30D17B689B683B617B6905
:1047A8005B0003229A401300DA433B6913403B61E4
:1047B8003B68DA687B695B009A4013003A691343E7
:1047C8003B617B683A699A607B685B683B61012260
:1047D8007B699A401300DA433B6913403B613B68AD
:1047E8005B681B0901221A407B699A4013003A69E9
:1047F80013433B617B683A695A603B685B680322F4
:104808001340032B17D07B68DB683B617B695B0037
:1048180003229A401300DA433B6913403B613B682B
:104828009A687B695B009A4013003A6913433B61BD
:104838007B683A69DA603B685B6803221340022BA5
:1048480023D17B69DA087B6808329200D3583B6130
:104858007B69072213409B000F229A401300DA431A
:104868003B6913403B613B681A697B6907210B4030
:104878009B009A4013003A6913433B617B69DA084D
:104888007B68083292003969D1507B681B683B61AC
:104898007B695B0003229A401300DA433B691340AB
:1048A8003B613B685B6803221A407B695B009A4066
:1048B80013003A6913433B617B683A691A603B68A5
:1048C8005A68C0239B02134000D192E0504A7B698A
:1048D8009B0818339B009B583B617B69032213405C
:1048E800DB000F229A401300DA433B6913403B6117
:1048F8007A68A023DB059A4213D07B68454A934225
:104908000DD07B68444A934207D07B68434A934260
:1049180001D1032306E0052304E0022302E001237A
:1049280000E000237A6903210A40D20093403A69E3
:1049380013433B6136497B699B0818339B003A69EE
:104948005A50334B1B683B61FB68DA433B691340A1
:104958003B613B685A6880235B03134003D03A6984
:10496800FB6813433B612A4B3A691A60284B5B6822
:104978003B61FB68DA433B6913403B613B685A681B
:1049880080239B03134003D03A69FB6813433B61C0
:104998001F4B3A695A601E4A8423D3583B61FB680F
:1049A800DA433B6913403B613B685A6880239B02AA
:1049B800134003D03A69FB6813433B6114498422CE
:1049C8003B698B50124A8023D3583B61FB68DA431A
:1049D8003B6913403B613B685A6880235B02134084
:1049E80003D03A69FB6813433B61094980223B695C
:1049F8008B507B6901337B613B681A687B69DA40BD
:104A0800131E00D0B0E6C046C046BD4606B080BD05
:104A1800001802400004005000080050000C00502C
:104A280080B582B000AF786008001100BB1C021C82
:104A38001A807B1C0A1C1A707B1C1B78002B04D064
:104A4800BB1C1A887B689A6103E0BB1C1A887B68C8
:104A58009A62C046BD4602B080BD80B584B000AF42
:104A680078600A00BB1C1A807B685B69FB60BB1C12
:104A78001B88FA6813401A04FB68DB43B91C0988D1
:104A88000B401A437B689A61C046BD4604B080BD9E
:104A980080B584B000AF7860194B1B68194A134081
:104AA8001900174B7A680A431A607A6880239B00BA
:104AB8009A421FD1144B1A6813005B009B185B00C5
:104AC80012491800FBF734FB03000133FB6008E0D0
:104AD800FB68002B03D0FB68013BFB6001E003236C
:104AE80009E0074B5A698023DB001A408023DB006A
:104AF8009A42EDD000231800BD4604B080BDC046E0
:104B080000700040FFF9FFFF1400002040420F0032
:104B180080B500AF034B9A68E023DB01134018000F
:104B2800BD4680BD0010024080B588B000AF7860F7
:104B38007B68002B01D10123F3E27B681B6801220B
:104B4800134000D17CE0C34B9B6838221340BB6103
:104B5800C04BDB68032213407B61BB69102B02D179
:104B68007B69032B02D0BB69082B0BD1B94B1A68A0
:104B780080239B02134062D07B685B68002B5ED168
:104B88000123CEE27B685A6880235B029A4207D1F0
:104B9800B04B1A68AF4B802149020A431A6020E0E3
:104BA8007B685A68A023DB029A420ED1A94B1A6887
:104BB800A84B8021C9020A431A60A64B1A68A54B64
:104BC800802149020A431A600BE0A24B1A68A14BE4
:104BD800A1490A401A609F4B1A689E4B9F490A4098
:104BE8001A607B685B68002B14D0FFF7DDFB0300BD
:104BF8003B6108E0FFF7D8FB02003B69D31A642B3E
:104C080001D903238DE2934B1A6880239B0213403A
:104C1800F0D015E0FFF7C8FB03003B6108E0FFF7A1
:104C2800C3FB02003B69D31A642B01D9032378E242
:104C3800884B1A6880239B021340F0D100E0C046DD
:104C48007B681B680222134000D199E0814B9B6866
:104C580038221340BB617F4BDB68032213407B6122
:104C6800BB69102B02D17B69022B02D0BB69002BD8
:104C780035D1784B1A688023DB00134005D07B6858
:104C8800DB68002B01D101234BE2724B5B68744A4D
:104C9800134019007B685B691A026E4B0A435A601D
:104CA800BB69002B12D16B4B1B686E4A134019006D
:104CB8007B681A69674B0A431A60664B1B68DB0AF4
:104CC80007221340684ADA40684B1A60684B1B6831
:104CD8001800FFF70DFB031E51D0012321E27B686A
:104CE800DB68002B30D05B4B1B685E4A1340190011
:104CF8007B681A69574B0A431A60564B1A68554B1A
:104D0800802149000A431A60FFF74EFB03003B610C
:104D180008E0FFF749FB02003B69D31A022B01D9CF
:104D28000323FEE14B4B1A688023DB001340F0D0CD
:104D3800484B5B684A4A134019007B685B691A0252
:104D4800444B0A435A601BE0424B1A68414B49499D
:104D58000A401A60FFF728FB03003B6108E0FFF7F1
:104D680023FB02003B69D31A022B01D90323D8E1A4
:104D7800384B1A688023DB001340F0D100E0C046AE
:104D88007B681B680822134047D0324B9B68382247
:104D98001340182B0AD12F4B1B6E022213403CD014
:104DA8007B689B69002B38D10123BAE17B689B693A
:104DB800002B19D0274B1A6E264B01210A431A667D
:104DC800FFF7F2FA03003B6108E0FFF7EDFA020093
:104DD8003B69D31A022B01D90323A2E11D4B1B6E99
:104DE80002221340F1D018E01A4B1A6E194B012118
:104DF8008A431A66FFF7D8FA03003B6108E0FFF719
:104E0800D3FA02003B69D31A022B01D9032388E1A4
:104E1800104B1B6E02221340F1D17B681B680422E1
:104E2800134000D1C6E01F23FB1800221A70094B5B
:104E38009B6838221340202B1ED1064BDB6D0222C3
:104E4800134000D1B6E07B689B68002B00D0B1E02E
:104E5800012366E100100240FFFFFEFFFFFFFBFF9A
:104E6800FF80FFFFFFC7FFFF0024F40014000020AD
:104E78001C000020FFFEFFFFAC4BDA6B80235B05B4
:104E8800134001D1012300E00023002B11D0A74BD0
:104E9800DA6BA64B802149050A43DA63A34BDA6B28
:104EA80080235B051340FB60FB681F23FB1801226E
:104EB8001A709F4B1A6880235B0013401AD19C4BD1
:104EC8001A689B4B802149000A431A60FFF76CFA65
:104ED80003003B6108E0FFF767FA02003B69D31A59
:104EE800022B01D903231CE1914B1A6880235B0034
:104EF8001340F0D07B689B68012B06D18B4BDA6D91
:104F08008A4B01210A43DA651CE07B689B68052B04
:104F18000CD1864BDA6D854B04210A43DA65834B45
:104F2800DA6D824B01210A43DA650BE07F4BDA6DBB
:104F38007E4B01218A43DA657C4BDA6D7B4B042179
:104F48008A43DA657B689B68002B14D0FFF72CFA3C
:104F580003003B6109E0FFF727FA02003B69D31A17
:104F6800744A934201D90323DBE0704BDB6D0222C4
:104F78001340F0D013E0FFF717FA03003B6109E094
:104F8800FFF712FA02003B69D31A6A4A934201D921
:104F98000323C6E0654BDB6D02221340F0D11F23CB
:104FA800FB181B78012B05D1604BDA6B5F4B62490C
:104FB8000A40DA637B68DB69002B00D1B0E05B4B09
:104FC8009B6838221340102B00D178E07B68DB699E
:104FD800022B53D1554B1A68544B58490A401A6052
:104FE800FFF7E2F903003B6108E0FFF7DDF9020093
:104FF8003B69D31A022B01D9032392E04B4B1A6861
:1050080080239B041340F0D1484BDB684C4A134083
:1050180019007B681A6A7B685B6A1A437B689B6A1B
:105028001B021A437B68DB6A1A437B681B6B1A43B3
:105038003E4B0A43DA603D4B1A683C4B80214904D9
:105048000A431A60394BDA68384B802149050A430C
:10505800DA60FFF7A9F903003B6108E0FFF7A4F95C
:1050680002003B69D31A022B01D9032359E02F4BC5
:105078001A6880239B041340F0D051E02B4B1A6828
:105088002A4B2E490A401A60FFF78EF903003B614C
:1050980008E0FFF789F902003B69D31A022B01D90E
:1050A80003233EE0214B1A6880239B041340F0D170
:1050B8001E4BDA681D4B23490A40DA6030E07B68F2
:1050C800DB69012B01D101232BE0184BDB687B61E5
:1050D8007B6903221A407B681B6A9A421ED17B694E
:1050E80070221A407B685B6A9A4217D17A69FE235C
:1050F800DB011A407B689B6A1B029A420ED17A69CF
:10510800F8239B031A407B68DB6A9A4206D17B69C5
:105118005B0F5A077B681B6B9A4201D0012300E0A2
:1051280000231800BD4608B080BDC04600100240EC
:105138000070004088130000FFFFFFEFFFFFFFFE35
:105148008C80C11FFCFFFEEF80B584B000AF786093
:1051580039607B68002B01D10123E9E0764B1B689D
:10516800072213403A689A421ED9734B1B680722DC
:1051780093431900704B3A680A431A60FFF714F911
:105188000300FB6009E0FFF70FF90200FB68D31A80
:105198006A4A934201D90323CAE0674B1B68072276
:1051A80013403A689A42EED17B681B68022213408A
:1051B80015D07B681B680422134006D0604B9A68A0
:1051C8005F4BE021C9010A439A605D4B9B685D4AC9
:1051D800134019007B689A68594B0A439A607B68A8
:1051E8001B680122134057D07B685B68012B07D1ED
:1051F800534B1A6880239B0213402BD1012397E05D
:105208007B685B68022B07D14D4B1A6880239B048F
:1052180013401FD101238BE07B685B68002B07D10B
:10522800474B1A688023DB00134013D101237FE02A
:105238007B685B68032B06D1414B1B6E022213402F
:1052480008D1012374E03E4BDB6D0222134001D1EB
:1052580001236DE03A4B9B680722934319007B6852
:105268005A68374B0A439A60FFF79EF80300FB60C1
:1052780009E0FFF799F80200FB68D31A2F4A934216
:1052880001D9032354E02E4B9B6838221A407B68CF
:105298005B68DB009A42ECD1274B1B68072213405E
:1052A8003A689A421ED2244B1B680722934319007E
:1052B800214B3A680A431A60FFF776F80300FB604F
:1052C80009E0FFF771F80200FB68D31A1B4A934202
:1052D80001D903232CE0184B1B68072213403A68B6
:1052E8009A42EED17B681B680422134009D0144B04
:1052F8009B68154A134019007B68DA68104B0A430B
:105308009A6000F029F801000D4B9B681B0A0F22D8
:105318001A400E4B9200D3581F2213400A00DA405D
:105328000B4B1A600B4B1B681800FEF7E1FF0300DC
:105338001800BD4604B080BD00200240881300005C
:1053480000100240FFF0FFFFFF8FFFFF70C2000850
:10535800140000201C00002080B586B000AF3C4B34
:105368009B68382213400FD1394B1B68DB0A072290
:10537800134001229A4013003B6039683548FAF718
:10538800D7FE03003B615DE0314B9B683822134038
:10539800082B02D1304B3B6154E02D4B9B683822DF
:1053A8001340102B38D12A4BDB6803221340FB60D3
:1053B800274BDB681B09072213400133BB60FB68DE
:1053C800032B0DD1B9682448FAF7B2FE030019007F
:1053D8001F4BDB681B0A7F2213404B437B610DE0A8
:1053E800B9681C48FAF7A4FE03001900184BDB68DB
:1053F8001B0A7F2213404B437B61C046144BDB687A
:105408005B0F0722134001337B6079687869FAF7EC
:105418008FFE03003B6115E00D4B9B68382213405B
:10542800202B03D180231B023B610BE0084B9B68B8
:1054380038221340182B03D1FA23DB013B6101E02A
:1054480000233B613B691800BD4606B080BDC046DD
:10545800001002400024F40000127A0080B500AF6A
:10546800024B1B681800BD4680BDC04614000020D2
:10547800B0B500AFFFF7F2FF0400FFF749FB0300E8
:105488001A0B054B9200D3581F221340DC4023000F
:105498001800BD46B0BDC046B0C2000880B584B093
:1054A80000AF78607B68002B01D10123A8E07B68FE
:1054B8005B6A002B09D17B685A6882235B009A4299
:1054C80009D07B680022DA6105E07B6800221A6156
:1054D8007B6800225A617B6800229A627B685D22A1
:1054E8009B5CDBB2002B07D17B685C2200219954BE
:1054F8007B681800FDF7F0FE7B685D220221995455
:105508007B681B681A687B681B6840218A431A609D
:105518007B68DA68E023DB009A4202D90023FB604B
:1055280002E080235B01FB607B68DA68F0231B01E3
:105538009A4208D07B68DA68E023DB009A4202D0FE
:105548007B6800229A627B685A6882235B001A4053
:105558007B68996884231B020B401A437B681B698C
:1055680002210B401A437B685B6901210B401A43F7
:105578007B68996980239B000B401A437B68DB6931
:1055880038210B401A437B681B6A80210B401A4361
:1055980011007B689A6A80239B011A407B681B680C
:1055A8000A431A607B689B691B0C04221A407B68BB
:1055B8005B6A10210B401A437B685B6B08210B4028
:1055C8001A437B68D968F0231B010B401A4311006A
:1055D800FA6880235B011A407B681B680A435A609B
:1055E8007B681B68DA697B681B6807490A40DA61CF
:1055F8007B6800221A667B685D220121995400238A
:105608001800BD4604B080BDFFF7FFFF80B588B025
:1056180000AFF860B9603B60BB1D1A80FEF7C4FE9E
:105628000300FB611A23FB18BA1D12881A80FB6855
:105638005D229B5CDBB2012B01D0022334E1BB6805
:10564800002B03D0BB1D1B88002B01D101232BE1AC
:10565800FB685C229B5C012B01D1022324E1FB68DF
:105668005C2201219954FB685D2203219954FB684F
:1056780000221A66FB68BA689A63FB68BA1D12882A
:105688009A87FB68BA1D1288DA87FB6800221A64B9
:10569800FB68442200219952FB6846220021995256
:1056A800FB6800221A65FB680022DA64FB689A68C6
:1056B80080231B029A4210D1FB681B681A68FB689A
:1056C8001B6840218A431A60FB681B681A68FB68DC
:1056D8001B688021C9010A431A60FB681B681B68A4
:1056E80040221340402B07D0FB681B681A68FB68F0
:1056F8001B6840210A431A60FB68DA68E023DB0074
:105708009A4253D9FB685B68002B04D01A23FB1814
:105718001B88012B44D1FB689B6B1A88FB681B68AC
:10572800DA60FB689B6B9A1CFB689A63FB68DB8FEB
:105738009BB2013B9AB2FB68DA8731E0FB681B68D1
:105748009B6802221340022B12D1FB689B6B1A88BC
:10575800FB681B68DA60FB689B6B9A1CFB689A63A2
:10576800FB68DB8F9BB2013B9AB2FB68DA8717E0D4
:10577800FEF71AFE0200FB69D31A3A689A4202D869
:105788003B68013302D13B68002B09D1FB685D22DD
:1057980001219954FB685C2200219954032383E07A
:1057A800FB68DB8F9BB2002BC8D154E0FB685B68B9
:1057B800002B04D01A23FB181B88012B46D1FB6849
:1057C8009A6BFB681B680C3312781A70FB689B6B2A
:1057D8005A1CFB689A63FB68DB8F9BB2013B9AB249
:1057E800FB68DA8732E0FB681B689B68022213407B
:1057F800022B13D1FB689A6BFB681B680C33127879
:105808001A70FB689B6B5A1CFB689A63FB68DB8FFA
:105818009BB2013B9AB2FB68DA8717E0FEF7C4FD3A
:105828000200FB69D31A3A689A4202D83B680133EE
:1058380002D13B68002B09D1FB685D2201219954F4
:10584800FB685C220021995403232DE0FB68DB8F61
:105858009BB2002BC7D1FA693968FB68180000F0C1
:10586800D1FC031E02D0FB6820221A66FB689B68E5
:10587800002B0AD100237B61FB681B68DB687B6116
:10588800FB681B689B687B617B69FB685D22012163
:105898009954FB685C2200219954FB681B6E002B0D
:1058A80001D0012300E000231800BD4608B080BDE8
:1058B80090B589B002AFF860B9603B60BB1D1A8033
:1058C800FB685D229B5CDBB2012B01D002232CE13B
:1058D800BB68002B03D0BB1D1B88002B01D1012303
:1058E80023E1FB685A6882235B009A4213D1FB6864
:1058F8009B68002B0FD1FB685D2204219954BB1DC6
:105908001C88BA68B968F8683B680093230000F0FF
:1059180015F9030009E1FEF747FD03007B61FB6809
:105928005C229B5C012B01D10223FEE0FB685C2218
:1059380001219954FB685D2204219954FB680022D7
:105948001A66FB68BA681A64FB68BA1D4421128893
:105958005A52FB68BA1D462112885A52FB68002227
:105968009A63FB6800229A87FB680022DA87FB6843
:105978000022DA64FB6800221A65FB68DA68E02313
:10598800DB009A4208D9FB681B685A68FB681B68E9
:1059980068490A405A6008E0FB681B685A68FB6857
:1059A8001B68802149010A435A60FB689A68802372
:1059B8001B029A420FD1FB681B681A68FB681B68B8
:1059C80040218A431A60FB681B681A68FB681B68D9
:1059D80059490A401A60FB681B681B68402213403B
:1059E800402B07D0FB681B681A68FB681B684021BE
:1059F8000A431A60FB68DA68E023DB009A4200D9A0
:105A080073E036E0FB681B689B6801221340012B9A
:105A180017D1FB681B680C331A00FB681B6C1278E3
:105A2800D2B21A70FB681B6C5A1CFB681A64FB68BC
:105A380046229B5A9BB2013B99B2FB684622995277
:105A480017E0FEF7B1FC02007B69D31A3A689A4264
:105A580002D83B68013302D13B68002B09D1FB68AF
:105A68005D2201219954FB685C220021995403238B
:105A78005BE0FB6846229B5A9BB2002BC2D13AE0FE
:105A8800FB681B689B6801221340012B15D1FB683A
:105A98001B68DA68FB681B6C92B21A80FB681B6C87
:105AA8009A1CFB681A64FB6846229B5A9BB2013B0E
:105AB80099B2FB684622995217E0FEF775FC02007E
:105AC8007B69D31A3A689A4202D83B68013302D1FB
:105AD8003B68002B09D1FB685D2201219954FB68C2
:105AE8005C220021995403231FE0FB6846229B5A3D
:105AF8009BB2002BC4D17A693968FB68180000F0A2
:105B080023FB031E02D0FB6820221A66FB685D2275
:105B180001219954FB685C2200219954FB681B6E93
:105B2800002B01D0012300E000231800BD4607B078
:105B380090BDC046FFEFFFFFFFBFFFFF80B58AB0F3
:105B480000AFF860B9607A601A00BB1C1A800123A4
:105B58007B62FEF729FC03003B621F203B18FA68B2
:105B68005D21525C1A70FB685B68BB611623FB18E9
:105B7800BA1C12881A803B181B78012B0ED0BA6900
:105B880082235B009A4207D1FB689B68002B03D1F4
:105B98003B181B78042B01D002239FE1BB68002B24
:105BA80006D07B68002B03D0BB1C1B88002B01D1BF
:105BB800012393E1FB685C229B5C012B01D102234A
:105BC8008CE1FB685C2201219954FB685D229B5C97
:105BD800DBB2042B03D0FB685D2205219954FB68D6
:105BE80000221A66FB687A681A64FB68BA1C4621A8
:105BF80012885A52FB68BA1C442112885A52FB6810
:105C0800BA689A63FB68BA1C1288DA87FB68BA1C00
:105C180012889A87FB680022DA64FB6800221A65FA
:105C2800FB68DA68E023DB009A4208D9FB681B6846
:105C38005A68FB681B68AB490A405A6008E0FB6871
:105C48001B685A68FB681B68802149010A435A602F
:105C5800FB681B681B6840221340402B07D0FB6879
:105C68001B681A68FB681B6840210A431A60FB68B6
:105C7800DA68E023DB009A4200D884E0FB685B68BE
:105C8800002B05D01623FB181B88012B00D06EE0D3
:105C9800FB689B6B1A88FB681B68DA60FB689B6B68
:105CA8009A1CFB689A63FB68DB8F9BB2013B9AB234
:105CB800FB68DA875BE0FB681B689B68022213407D
:105CC800022B1BD1FB68DB8F9BB2002B16D07B6AA3
:105CD800012B13D1FB689B6B1A88FB681B68DA6081
:105CE800FB689B6B9A1CFB689A63FB68DB8F9BB213
:105CF800013B9AB2FB68DA8700237B62FB681B686A
:105D08009B6801221340012B1CD1FB6846229B5A39
:105D18009BB2002B16D0FB681B68DA68FB681B6C0B
:105D280092B21A80FB681B6C9A1CFB681A64FB68A9
:105D380046229B5A9BB2013B99B2FB684622995274
:105D480001237B62FEF730FB02003B6AD31A3A6BF1
:105D58009A420CD83B6B013309D0FB685D220121C4
:105D68009954FB685C22002199540323B6E0FB6830
:105D7800DB8F9BB2002B9ED1FB6846229B5A9BB2BD
:105D8800002B98D18AE0FB685B68002B05D01623AE
:105D9800FB181B88012B00D075E0FB689A6BFB6829
:105DA8001B680C3312781A70FB689B6B5A1CFB68D3
:105DB8009A63FB68DB8F9BB2013B9AB2FB68DA8778
:105DC80061E0FB681B689B6802221340022B1CD110
:105DD800FB68DB8F9BB2002B17D07B6A012B14D199
:105DE800FB689A6BFB681B680C3312781A70FB68A7
:105DF8009B6B5A1CFB689A63FB68DB8F9BB2013B69
:105E08009AB2FB68DA8700237B62FB681B689B6891
:105E180001221340012B1ED1FB6846229B5A9BB2DC
:105E2800002B18D0FB681B680C331A00FB681B6C2E
:105E38001278D2B21A70FB681B6C5A1CFB681A6481
:105E4800FB6846229B5A9BB2013B99B2FB684622EB
:105E5800995201237B62FEF7A7FA02003B6AD31A24
:105E68003A6B9A4202D83B6B013302D13B6B002B51
:105E780009D1FB685D2201219954FB685C2200214D
:105E8800995403232AE0FB68DB8F9BB2002B98D13F
:105E9800FB6846229B5A9BB2002B92D13A6A396B17
:105EA800FB68180000F0AEF9031E08D0FB6820223A
:105EB8001A66FB685C220021995401230EE0FB68F6
:105EC8005D2201219954FB685C2200219954FB68EA
:105ED8001B6E002B01D0012300E000231800BD46F3
:105EE8000AB080BDFFEFFFFF80B588B000AFF86053
:105EF800B9603B60FB1D1A70FEF756FA0200BB6AD8
:105F08009B1A3A68D318FB61FEF74EFA0300BB618F
:105F18003A4B1B685B011B0DFA6953437B6159E0DF
:105F28003B68013356D0FEF73FFA0200BB69D31A2B
:105F3800FA699A4202D9FB69002B42D1FB681B68B7
:105F48005A68FB681B68E0218A435A60FB685A68F4
:105F580082235B009A4213D1FB689A6880231B0254
:105F68009A4205D0FB689A688023DB009A4207D1E1
:105F7800FB681B681A68FB681B6840218A431A6023
:105F8800FB689A6A80239B019A4210D1FB681B68C0
:105F98001A68FB681B681A490A401A60FB681B6884
:105FA8001A68FB681B68802189010A431A60FB682C
:105FB8005D2201219954FB685C2200219954032336
:105FC80018E07B69002B02D10023FB6102E07B69AA
:105FD800013B7B61FB681B689B68BA681340BA6821
:105FE800D31A5A425341DBB21A00FB1D1B789A425E
:105FF80096D100231800BD4608B080BD14000020CB
:10600800FFDFFFFF80B58AB000AFF860B9607A6043
:106018003B601723FB1800221A70FEF7C5F902002F
:106028003B6B9B1A3A68D3187B62FEF7BDF90300F5
:106038003B62FB681B680C33FB61414B1A68130019
:106048009B009B18DA00D31A1B0D7A6A5343BB6175
:1060580069E0BA68C023DB009A420AD17B68002B4A
:1060680007D1FB691B78DAB217217B181A707B18E5
:106078001B783B68013356D0FEF796F902003B6A5D
:10608800D31A7A6A9A4202D97B6A002B42D1FB68FA
:106098001B685A68FB681B68E0218A435A60FB68E2
:1060A8005A6882235B009A4213D1FB689A6880235E
:1060B8001B029A4205D0FB689A688023DB009A424B
:1060C80007D1FB681B681A68FB681B6840218A4374
:1060D8001A60FB689A6A80239B019A4210D1FB6878
:1060E8001B681A68FB681B6816490A401A60FB6837
:1060F8001B681A68FB681B68802189010A431A60BB
:10610800FB685D2201219954FB685C2200219954A7
:10611800032311E0BB69002B02D100237B6202E05C
:10612800BB69013BBB61FB681B689B68BA6813408D
:106138007A689A428DD100231800BD460AB080BD06
:1061480014000020FFDFFFFF80B586B002AFF860C3
:10615800B9607A60FB685A6882235B009A4213D15F
:10616800FB689A6880231B029A4205D0FB689A68EC
:106178008023DB009A4207D1FB681B681A68FB681A
:106188001B6840218A431A60BA68F8687B680093E4
:10619800130000228021FFF7A7FE031E07D0FB682B
:1061A8001B6E20221A43FB681A66032326E0FB684D
:1061B8005A6882235B009A421FD1FB689A68802341
:1061C8001B029A4205D0FB689A688023DB009A423A
:1061D80013D1BA68C023D900F8687B68009313000C
:1061E8000022FFF70FFF031E07D0FB681B6E20225B
:1061F8001A43FB681A66032300E000231800BD4613
:1062080004B080BD80B586B002AFF860B9607A602E
:10621800BA68C0235901F8687B680093130000220C
:10622800FFF7F0FE031E07D0FB681B6E20221A43FF
:10623800FB681A66032327E0BA68F8687B6800934E
:10624800130000228021FFF74FFE031E07D0FB68D2
:106258001B6E20221A43FB681A66032314E0BA68EF
:10626800C023D900F8687B68009313000022FFF769
:10627800C9FE031E07D0FB681B6E20221A43FB6869
:106288001A66032300E000231800BD4604B080BD51
:1062980080B582B000AF78607B68002B01D1012304
:1062A80046E07B6888229B58002B07D17B688422B4
:1062B800002199547B681800FDF7B8F87B6888229C
:1062C800242199507B681B681A687B681B68012128
:1062D8008A431A607B689B6A002B03D07B6818008E
:1062E80000F0D8FD7B68180000F030FC0300012B9B
:1062F80001D101231CE07B681B685A687B681B6816
:106308000D490A405A607B681B689A687B681B685D
:106318002A218A439A607B681B681A687B681B6815
:1063280001210A431A607B68180000F067FE030029
:106338001800BD4602B080BDFFB7FFFF80B58AB028
:1063480002AFF860B9603B60BB1D1A80FB68882209
:106358009B58202B00D09AE0BB68002B03D0BB1DB4
:106368001B88002B01D1012392E0FB689A688023E7
:106378005B019A4209D1FB681B69002B05D1BB68F8
:106388000122134001D0012382E0FB689022002102
:106398009950FB68882221219950FEF705F80300DF
:1063A8007B61FB68BA1D542112885A52FB68BA1DDA
:1063B800562112885A52FB689A6880235B019A42D8
:1063C80008D1FB681B69002B04D10023FB61BB6863
:1063D800BB6103E0BB68FB610023BB613AE07A69FB
:1063E800F8683B68009313000022802100F0B0FE9B
:1063F800031E05D0FB68882220219950032347E01B
:10640800FB69002B0BD1BB691B881A00FB681B6852
:10641800D205D20D9A62BB690233BB6107E0FB6902
:106428001A78FB681B689A62FB690133FB61FB6899
:1064380088229B5821221340212B09D1FB68562220
:106448009B5A9BB2013B99B2FB685622995201E0D4
:1064580001231DE0FB6856229B5A9BB2002BBED13C
:106468007A69F8683B68009313000022402100F025
:106478006FFE031E05D0FB68882220219950032354
:1064880006E0FB68882220219950002300E00223BF
:106498001800BD4608B080BDB0B5AAB000AF78609E
:1064A8007B681B68DB69A422B9180B607B681B68D2
:1064B8001B68A02039180B607B681B689B689C24AC
:1064C80039190B601100BB181B68A24A13409822A7
:1064D800BD182B60BB181B68002B1AD17B181B68D2
:1064E8002022134015D03B181B682022134005D1E9
:1064F8003B191A6880235B0513400AD07B685B6FE1
:10650800002B00D1FBE27B685B6F7A68100098472C
:10651800F5E29823FB181B68002B00D122E19C238D
:10652800FB181B688C4A134006D1A023FB181B6874
:106538008A4A134000D115E1A423FB181B680122E5
:10654800134012D0A023FB181A6880235B00134065
:106558000BD07B681B6801221A627B6890229B58CB
:1065680001221A437B6890215A50A423FB181B6808
:106578000222134011D09C23FB181B6801221340F0
:106588000BD07B681B6802221A627B6890229B589A
:1065980004221A437B6890215A50A423FB181B68D5
:1065A8000422134011D09C23FB181B6801221340BE
:1065B8000BD07B681B6804221A627B6890229B5868
:1065C80002221A437B6890215A50A423FB181B68A7
:1065D8000822134017D0A023FB181B682022134061
:1065E80005D19C23FB181B685B4A13400BD07B68C2
:1065F8001B6808221A627B6890229B5808221A435B
:106608007B6890215A50A423FB181A6880231B0129
:10661800134013D0A023FB181A688023DB0413400F
:106628000CD07B681B68802212011A627B6890225A
:106638009B5820221A437B6890215A507B689022ED
:106648009B58002B00D15CE2A423FB181B68202276
:10665800134015D0A023FB181B682022134006D135
:106668009C23FB181A6880235B05134008D07B68BD
:106678005B6F002B04D07B685B6F7A6810009847CB
:106688007B6890229B5894217A1813607B681B685A
:106698009B6840221340402B04D07B181B6828229B
:1066A80013404CD07B68180000F0C2FD7B681B6863
:1066B8009B6840221340402B3CD1EFF310833B668C
:1066C8003B6E90203A18136001237B667B6E83F340
:1066D8001088C0467B681B689A687B681B684021E5
:1066E8008A439A603B181B68BB66BB6E83F31088AD
:1066F800C0467B6880229B58002B16D07B6880227E
:106708009B58174A9A637B6880229B581800FDF7AC
:10671800B9FF031E1CD07B6880229B589B6B7A684C
:10672800802152581000984712E07B68180000F04A
:10673800F9F90DE07B68180000F0F4F908E07B68CF
:10674800180000F0EFF97B68902200219950D8E1F9
:10675800C046D6E10F080000010000102001000427
:10676800057300087B68DB6E012B00D05DE1A42374
:10677800FB181B681022134000D156E1A023FB1818
:106788001B681022134000D14FE17B681B68102260
:106798001A627B681B689B6840221340402B00D01C
:1067A800C3E07B6880229B581B685A687E217B184F
:1067B8001A807B181B88002B00D197E07B685C222D
:1067C8009B5A7A1812889A4200D38FE07B687A180D
:1067D8005E2112885A527B6880229B581B681B686E
:1067E8002022134070D1EFF310833B633B6BBB67F0
:1067F80001237B637B6B83F31088C0467B681B682F
:106808001A687B681B68C4490A401A60BB6FBB637F
:10681800BB6B83F31088C046EFF31083FB63FB6BFD
:106828007B6701233B643B6C83F31088C0467B681D
:106838001B689A687B681B6801218A439A607B6F92
:106848007B647B6C83F31088C046EFF31083BB64D2
:10685800BB6C3B670123FB64FB6C83F31088C04669
:106868007B681B689A687B681B6840218A439A602A
:106878003B6F3B653B6D83F31088C0467B688C2279
:10688800202199507B680022DA66EFF310837B653C
:106898007B6DFB660123BB65BB6D83F31088C04627
:1068A8007B681B681A687B681B6810218A431A601A
:1068B800FB6EFB65FB6D83F31088C0467B68802206
:1068C8009B581800FDF77CFE7B6802221A677B68DC
:1068D8005C229A5A7B685E215B5A9BB2D31A9AB2A1
:1068E8007B681100180000F025F90CE17B685C2238
:1068F8009B5A7E22BA1812889A4200D003E17B681C
:1069080080229B581B681B6820221340202B00D034
:10691800F9E07B6802221A677B685C229A5A7B68D6
:106928001100180000F006F9EDE07B685C22995A26
:106938007B685E229B5A9AB28E203B188A1A1A806C
:106948007B685E229B5A9BB2002B00D1DDE03B188E
:106958001B88002B00D1D8E0EFF31083FB60FB68A5
:1069680088243A19136001233B613B6983F310883B
:10697800C0467B681B681A687B681B6867490A40C1
:106988001A603B191B687B617B6983F31088C046DA
:10699800EFF31083BB61BB6984243A1913600123A8
:1069A800FB61FB6983F31088C0467B681B689A68A3
:1069B8007B681B685A490A409A603B191B683B620E
:1069C8003B6A83F31088C0467B688C22202199504B
:1069D8007B680022DA667B6800225A67EFF310832F
:1069E8007B627B6A80243A1913600123BB62BB6A0D
:1069F80083F31088C0467B681B681A687B681B682D
:106A080010218A431A603B191B68FB62FB6A83F3F7
:106A18001088C0467B6802221A673B181A887B6870
:106A28001100180000F086F86FE0A423FB181A681C
:106A380080235B03134010D09C23FB181A68802323
:106A4800DB03134009D07B681B68802252031A625B
:106A58007B68180000F08DFC5AE0A423FB181B6823
:106A68008022134016D0A023FB181B6880221340F5
:106A780006D19C23FB181A6880231B04134009D0F5
:106A88007B689B6F002B42D07B689B6F7A681000F5
:106A980098473CE0A423FB181B68402213400AD007
:106AA800A023FB181B684022134004D07B68180001
:106AB80000F033FC2CE0A423FB181A6880231B0485
:106AC80013400BD0A023FB181A688023DB05134062
:106AD80004D07B68180000F05CFC19E0A423FB18C4
:106AE8001A6880235B04134012D0A023FB181B688C
:106AF800002B0DDA7B68180000F043FC08E0C04664
:106B080006E0C04604E0C04602E0C04600E0C046D9
:106B1800BD462AB0B0BDC046FFFEFFFFDFFEFFFF47
:106B2800FEFFFFEF80B582B000AF7860C046BD467B
:106B380002B080BD80B582B000AF78600A00BB1C8F
:106B48001A80C046BD4602B080BD000080B588B03E
:106B580000AF78601A23FB1800221A707B689A68C5
:106B68007B681B691A437B685B691A437B68DB692E
:106B78001343FB617B681B681B68BC4A1340190000
:106B88007B681B68FA690A431A607B681B685B6844
:106B9800B74A134019007B68DA687B681B680A43A8
:106BA8005A607B689B69FB617B681B6AFA691343BF
:106BB800FB617B681B689B68AE4A134019007B68C1
:106BC8001B68FA690A439A607B681B68DB6A0F22B4
:106BD800934319007B685A6A7B681B680A43DA6228
:106BE8007B681B68A44A934227D1A44B5B6D0322A0
:106BF8001340032B17D01BD8022B0AD018D8002B10
:106C080002D0012B0AD013E01B23FB1800221A70B4
:106C180058E01B23FB1802221A7053E01B23FB18B1
:106C280004221A704EE01B23FB1808221A7049E050
:106C38001B23FB1810221A7044E07B681B68904ADB
:106C4800934227D18D4B5B6D0C2213400C2B17D030
:106C58001BD8082B0AD018D8002B02D0042B0AD036
:106C680013E01B23FB1800221A702BE01B23FB18D0
:106C780002221A7026E01B23FB1804221A7021E056
:106C88001B23FB1808221A701CE01B23FB18102278
:106C98001A7017E07B681B687A4A934204D11B2359
:106CA800FB1800221A700DE07B681B68764A934235
:106CB80004D11B23FB1800221A7003E01B23FB18C6
:106CC80010221A707B68DA6980231B029A4200D06E
:106CD80065E01B23FB181B78082B15D018DC042B48
:106CE8000DD015DC002B02D0022B05D010E0FEF7EA
:106CF800BFFB03007B6112E0644B7B610FE0FEF792
:106D08002BFB03007B610AE080231B027B6106E00A
:106D180000237B611A23FB1801221A70C0467B6985
:106D2800002B00D18DE07B685A6A594B5200D35A28
:106D380019007869F9F7FCF903005A007B685B6869
:106D48005B08D2187B685B6819001000F9F7F0F946
:106D580003003B613B690F2B1CD93A6980235B0216
:106D68009A4217D23B699AB20E203B180F218A43E8
:106D78001A803B695B089BB20722134099B23B1803
:106D88003A1812880A431A807B681B683A181288D6
:106D9800DA6056E01A23FB1801221A7051E01B230F
:106DA800FB181B78082B15D018DC042B0DD015DC2C
:106DB800002B02D0022B05D010E0FEF759FB030090
:106DC8007B6112E0314B7B610FE0FEF7C5FA0300EF
:106DD8007B610AE080231B027B6106E000237B6164
:106DE8001A23FB1801221A70C0467B69002B28D091
:106DF8007B685A6A264B5200D35A19007869F9F70A
:106E080097F903001A007B685B685B08D2187B68F7
:106E18005B6819001000F9F78BF903003B613B69C7
:106E28000F2B0AD93A6980235B029A4205D23B6943
:106E38009AB27B681B68DA6003E01A23FB18012208
:106E48001A707B686A22012199527B6868220121A5
:106E580099527B6800225A677B6800229A671A2336
:106E6800FB181B781800BD4608B080BDF369FFCF3A
:106E7800FFCFFFFFFFF4FF11003801400010024070
:106E88000044004000480040004C00400024F4004A
:106E9800C8C3000880B582B000AF78607B689B6A81
:106EA800082213400BD07B681B685B684A4A134072
:106EB80019007B689A6B7B681B680A435A607B6879
:106EC8009B6A012213400BD07B681B685B68434AAE
:106ED800134019007B68DA6A7B681B680A435A60AA
:106EE8007B689B6A022213400BD07B681B685B6837
:106EF8003B4A134019007B681A6B7B681B680A437E
:106F08005A607B689B6A042213400BD07B681B681D
:106F18005B68344A134019007B685A6B7B681B68AE
:106F28000A435A607B689B6A102213400BD07B6827
:106F38001B689B682C4A134019007B68DA6B7B68D6
:106F48001B680A439A607B689B6A202213400BD017
:106F58007B681B689B68254A134019007B681A6C7C
:106F68007B681B680A439A607B689B6A40221340CF
:106F78001DD07B681B685B681D4A134019007B683D
:106F88005A6C7B681B680A435A607B685A6C80237A
:106F98005B039A420BD17B681B685B68154A1340F8
:106FA80019007B689A6C7B681B680A435A607B6887
:106FB8009B6A802213400BD07B681B685B680E4A73
:106FC800134019007B68DA6C7B681B680A435A60B7
:106FD800C046BD4602B080BDFF7FFFFFFFFFFDFF3B
:106FE800FFFFFEFFFFFFFBFFFFEFFFFFFFDFFFFFDE
:106FF800FFFFEFFFFFFF9FFFFFFFF7FF80B592B096
:1070080002AF78607B68902200219950FDF7CCF997
:107018000300FB637B681B681B6808221340082B6E
:107028002DD1FB6B802291037868474A0092002299
:1070380000F08EF8031E22D0EFF310837B627B6A88
:10704800BB630123BB62BB6A83F31088C0467B68BD
:107058001B681A687B681B6880218A431A60BB6BAF
:10706800FB62FB6A83F31088C0467B688822202174
:1070780099507B68842200219954032360E07B683F
:107088001B681B6804221340042B46D1FB6B80222B
:10709800D10378682C4A0092002200F059F8031EA8
:1070A8003BD0EFF31083FB60FB687B6301233B61FC
:1070B8003B6983F31088C0467B681B681A687B6845
:1070C8001B6822490A401A607B6B7B617B6983F3EA
:1070D8001088C046EFF31083BB61BB693B63012393
:1070E800FB61FB6983F31088C0467B681B689A685C
:1070F8007B681B6801218A439A603B6B3B623B6A51
:1071080083F31088C0467B688C22202199507B68C5
:10711800842200219954032312E07B6888222021CD
:1071280099507B688C22202199507B680022DA666E
:107138007B6800221A677B68842200219954002307
:107148001800BD4610B080BDFFFFFF01DFFEFFFF46
:1071580080B584B000AFF860B9603B60FB1D1A7061
:1071680051E0BB6901334ED0FDF71EF902003B68C0
:10717800D31ABA699A4202D3BB69002B01D10323FF
:1071880051E0FB681B681B68042213403BD0BB68B6
:10719800802B38D0BB68402B35D0FB681B68DB6977
:1071A80008221340082B11D1FB681B6808221A62B9
:1071B800FB68180000F03CF8FB6890220821995001
:1071C800FB6884220021995401232CE0FB681B688A
:1071D800DA6980231B011A4080231B019A4212D1CD
:1071E800FB681B68802212011A62FB68180000F015
:1071F8001FF8FB68902220219950FB688422002107
:10720800995403230FE0FB681B68DB69BA681340D5
:10721800BA68D31A5A425341DBB21A00FB1D1B78D5
:107228009A429ED000231800BD4604B080BD0000DD
:1072380080B58EB000AF7860EFF310837B617B6917
:107248007B630123BB61BB6983F31088C0467B68FD
:107258001B681A687B681B6826490A401A607B6BA2
:10726800FB61FB6983F31088C046EFF310833B6230
:107278003B6A3B6301237B627B6A83F31088C046C9
:107288007B681B689A687B681B681B490A409A6080
:107298003B6BBB62BB6A83F31088C0467B68DB6EBE
:1072A800012B18D1EFF31083BB60BB68FB6201238D
:1072B800FB60FB6883F31088C0467B681B681A680C
:1072C8007B681B6810218A431A60FB6A3B613B6933
:1072D80083F31088C0467B688C22202199507B68F4
:1072E8000022DA667B6800225A67C046BD460EB0A7
:1072F80080BDC046DFFEFFFFFEFFFFEF80B584B014
:1073080000AF78607B689B6AFB60FB681800FFF73A
:1073180009FCC046BD4604B080BD80B586B000AF4C
:107328007860EFF31083BB60BB687B610123FB606F
:10733800FB6883F31088C0467B681B681A687B6803
:107348001B6840218A431A607B693B613B6983F370
:107358001088C0467B688822202199507B680022CB
:107368009A677B681800FBF769FFC046BD4606B000
:1073780080BD80B582B000AF7860C046BD4602B01F
:1073880080BD80B582B000AF7860C046BD4602B00F
:1073980080BD80B582B000AF7860C046BD4602B0FF
:1073A80080BD0000002310B50400036043608360C3
:1073B80081814366C28103614361836119000822A8
:1073C8005C3000F035F90B4BE46123620A4B6362D1
:1073D8000A4BA3620A4BE3620A4B9C4205D00A4B54
:1073E8009C4202D0094B9C4203D12000583000F047
:1073F8009FF910BDA1750008C9750008017600083D
:107408002D7600088C0A0020F40A00205C0B00206E
:1074180010B5034A0349044800F06CF810BDC04693
:1074280024000020B59200083800002041680B4B6A
:1074380010B50400994201D001F038FFA168084B4B
:10744800994202D0200001F031FFE168054B9942D2
:1074580002D0200001F02AFF10BDC0468C0A00208F
:10746800F40A00205C0B002010B5094B094A0421DE
:107478001A6009480022FFF795FF012209210748F1
:10748800FFF790FF022212210548FFF78BFF10BD7E
:10749800C40B0020197400088C0A0020F40A00208C
:1074A8005C0B002010B5024800F044F910BDC0463E
:1074B800CE0B002010B5024800F03DF910BDC046C3
:1074C800CE0B002010B50400FFF7ECFF636B002B18
:1074D80002D0FFF7EFFF10BD044B6363044B1B683A
:1074E800002BF6D1FFF7C0FFF3E7C046357400085C
:1074F800C40B0020F7B51400002600900191A56880
:107508006768013F04D52468002CF8D13000FEBD1F
:10751800AB89012B08D90E22AB5E013304D02900B8
:107528000098019B984706436835EAE70CB430B5E4
:10753800184B0C001D689DB0002908DA8B23012028
:107548002B6040421DB030BC08BC02B018478223F3
:107558006A469B009382002302901B9306909942EF
:1075680000D04B1E0493079301236A465B42D382E3
:10757800280021AB209A02A9019300F019FC431CB2
:1075880001DA8B232B60002CDCD00022029B1A70BE
:10759800D8E7C0463000002070B50C000E25495FC2
:1075A80000F074F8002803DB236D1B18236570BDF9
:1075B800A389024A1340A381F9E7C046FFEFFFFF02
:1075C800F8B51F008B8905000C001600DB0505D5F2
:1075D8000E23C95E0022022300F044F8A389054A5D
:1075E80028001340A38132000E23E15E3B0000F027
:1075F80061F8F8BDFFEFFFFF70B50C000E25495F7D
:1076080000F030F8A389421C03D1054A1340A38136
:1076180070BD802252011343A3812065F8E7C0465C
:10762800FFEFFFFF10B50E23C95E00F009F810BD8B
:1076380003008218934200D1704719700133F9E7AB
:10764800002370B5064D040008002B60FBF7E6FF29
:10765800431C03D12B68002B00D0236070BDC046AB
:10766800C80B002070B50400080011001A000023A0
:10767800054D2B60FBF7F3FF431C03D12B68002B50
:1076880000D0236070BDC046C80B002070B5040050
:10769800080011001A000023054D2B60FBF785FF39
:1076A800431C03D12B68002B00D0236070BDC0465B
:1076B800C80B002070B50400080011001A00002350
:1076C800054D2B60FBF78EFF431C03D12B68002B65
:1076D80000D0236070BDC046C80B0020014B18685D
:1076E8007047C0463000002070B500260C4C0D4D88
:1076F800641BA410A64209D1002604F001FC0A4C20
:107708000A4D641BA410A64205D170BDB300EB5806
:1077180098470136EEE7B300EB5898470136F2E791
:1077280074C7000874C700087CC7000874C700083D
:107738007047704770477047034B10B5002B02D055
:10774800024800F005F810BD000000002D95000863
:10775800002310B501001A00180001F03FFF10BD0A
:10776800F7B5040008200D0001F0F0FE0600200027
:1077780000F00EFB0322224F3100BB685B68934385
:1077880018001138401B80190193F8F7D1FC451EE9
:107798007543AE4204DD200000F002FB0020FEBD70
:1077A8000021200001F0ACFEBB68019A9B189842AA
:1077B800F1D12000694201F0A3FE013010D100216F
:1077C800200001F09DFEBA68811A0F29E3DD0D4DF6
:1077D8000D4B2D68401B186001230B435360DAE7FB
:1077E8000126019BBA685B1B33435360064A20009D
:1077F80013685B1B136000F0D3FA3000CFE7C04674
:10780800840100207C010020D40B0020F7B50D1E58
:1078180001902DD000F0BCFA012329009C460839BC
:107828004F6862463B0064469343C8184568023275
:1078380095434A4A2740966886421AD15B19002F19
:1078480006D10868091A8D681B18C868E860856041
:107858000120184348609160414A12689A4204D84E
:10786800404B01981968FFF77BFF019800F098FAE0
:10787800F7BD00264560B74209D10F683A4CC91BCD
:10788800DB198F68A7422CD0CC68FC60A760471929
:107898007C6801273C420BD15B198568002E22D1F8
:1078A800314CA5421FD13E0051611161CD608D6000
:1078B8000125280018434860CB50002ED5D18020E0
:1078C8008000834213D2D8085B099D4053681D434A
:1078D800C3009B1855609A68CB608A609960D16034
:1078E800C3E76646D3E7C068E8608560E0E75D0AFD
:1078F800042D12D898093830C600B618B568032781
:10790800AE4225D101238010834050680343536061
:10791800CE608D60B160E960A7E7142D02D8280019
:107928005B30E9E7542D02D8180B6E30E4E7AA2043
:107938004000854202D8D80B7730DDE70B4E7E2019
:10794800B542D9D8980C7C30D6E7AD68AE4203D0A2
:107958006A68BA439A42F8D8EE68D9E784010020E9
:1079680080010020040C00208C0100205405000038
:10797800F0B50D0087B00B350190162D09D90723F6
:107988009D4307D50C23019A13600024200007B0FB
:10799800F0BD1025A942F5D8019800F0F9F9FC23AB
:1079A800BA4E5B009D421DD22A000832B21811005F
:1079B80054680839EB088C4203D1D4680233A242D8
:1079C80026D003226368A1689343E268E318CA607B
:1079D8009160012259680A435A60019800F0E0F961
:1079E8000834D3E73F236A0A03D0042A26D8AB0910
:1079F800383303229446D9008919CC688C4206D0C2
:107A0800604662688243571B0F2F2FDD013B01330D
:107A180034699F498C4250D0032062688243501BCE
:107A28000F2831DD012367191D4303436560776122
:107A38003761F960B9607B60A050CEE7142A02D89C
:107A480013005B33D5E7542A02D82B0B6E33D0E7EB
:107A5800AA235B009A4202D8EB0B7733C9E78D491A
:107A68007E238A42C5D8AB0C7C33C2E7E068002F7E
:107A780008DBA368D86083600123A21851680B4310
:107A88005360AAE70400B9E7716131610028F3DAAD
:107A980071688C46802189008A4200D38AE0D10827
:107AA800500901228240604602437260CA0092195E
:107AB8009168E260A1609460CC60012273489910DB
:107AC8008A404168914226D30A4205D10324A34340
:107AD800520004330A42FBD0DE008619B4460293F2
:107AE8006146CC68644500D09BE00834A446032472
:107AF8000299013102912142F2D1234200D0B7E02C
:107B0800436893434360614B52005968914202D3E2
:107B1800002A00D0B8E00322836802935B6893438D
:107B28000393AB4203D35A1B0F2A00DD1FE1029BCC
:107B3800039A08209E18584B1B6810335F1901F0F0
:107B480005FD564B04901B68013303D0013F3B18D9
:107B580047421F403900019801F0D2FC0400431C41
:107B680000D1DAE0864204D9484B029A9A4200D002
:107B7800D3E04B4A1368FB181360049A013AA642F3
:107B880000D093E0164200D090E0404B9A68039BE7
:107B9800DF1901233B435360414B424A1B6811687C
:107BA8008B4200D91360404A11688B4200D8B4E078
:107BB8001360B2E0500A042811D891093831CF0077
:107BC800BF19B868874225D1012289108A406146C9
:107BD8000A437260E760A060BC60C4606DE7142867
:107BE80002D801005B31EAE7542802D8110B6E3144
:107BF800E5E7AA214900884202D8D10B7731DEE7B0
:107C0800244F7E21B842DAD8910C7C31D7E78068BE
:107C1800874204D003264168B1439142F7D8C76828
:107C2800D8E703276168B9430391E768491B0F291F
:107C380010DD0122631915436560A5680A43EF60EA
:107C4800BD604361036112485A60D8609860039B25
:107C5800E150C2E6002909DB039BE11801234A68C9
:107C680013434B60A368DF60BB60B6E63C0039E7AE
:107C78003168083E013BB14200D13EE743E7043397
:107C880052000A42FBD027E7029BFAE78401002052
:107C98008C01002054050000040C00207C01002009
:107CA800D40B0020000C0020FC0B0020354908688C
:107CB800013040D10C600721260000230E400C4201
:107CC80002D008339B1BE418E1190591059F04991C
:107CD8001740CB18DF1B17403900019801F010FC42
:107CE800431C07D1371E059804D030000027059B98
:107CF80008381818244A001B1368C019DB191360C8
:107D08000122224B029910439C606060994200D185
:107D180042E7039B0F2B13D8626003221B4B9B681F
:107D28005B6893435A1BAB4201D30F2A1FDC0198AF
:107D380000F036F829E61449A61BF6180E60BAE7D3
:107D48000721039B0C3B8B43029949680A4002991F
:107D58001A434A60CA180521516091600F2B00D858
:107D68001AE7029901980831FFF750FD14E701233B
:107D78001800064928438C681343651960608D60B4
:107D88006B602AE67C010020D40B002084010020CF
:107D980010B50248FFF7CEFC10BDC046CC0B002042
:107DA80010B50248FFF7C7FC10BDC046CC0B002039
:107DB800F0B5DDB01C000C9109920B9001F09CFB12
:107DC800036818002093F8F797F90C9B18909B8983
:107DD8001B0616D50C9B1B69002B12D140210B9852
:107DE800FFF7C6FD0C9B18601861002806D10C230C
:107DF8000B9A136001235B421A93BBE240230C9A4F
:107E0800536100230022329331930E93002316927C
:107E18001793002333AF30972393229314931D9322
:107E280021931A93099D2B78002B02D0252B00D083
:107E380091E0099BEE1A9D4216D03B60329B7E6012
:107E48009B193293319B083701333193072B08DD97
:107E58000C990B9830AA01F007FA002800D084E2A8
:107E680033AF1A9B9B191A932B78002B01D101F081
:107E7800AFF91B22002322A95218137001221E00F9
:107E8800524201350A9219936B1C15932B78119362
:107E9800119820385A2801D900F02FFEF8F73EF93A
:107EA8009B002D062D06A5002D062D062D0680000B
:107EB8002D062D06A700AF002D06AD00B4002D0637
:107EC800D900DB00DB00DB00DB00DB00DB00DB00D4
:107ED800DB00DB002D062D062D062D062D062D06B2
:107EE8002D0661012D0606011A016101610161017A
:107EF8002D062D062D062D06ED002D062D06F70460
:107F08002D062D062D063B052D065F052D062D0693
:107F180091052D062D062D062D062D062D062D065E
:107F28002D0661012D0606011C0161016101610137
:107F3800EF001C0102012D06FB002D06D904F904EF
:107F48002B0502012D063B05A30061052D062D0614
:107F58005D002D06A300013565E7AC4B3000239387
:107F6800202318401E4201D100F02EFD193B073492
:107F78009C43220018CA069307941092F3070AD567
:107F8800069B079A134306D0302229AB1A70119A20
:107F98005A7002231E439E4B1E40022300F089FCA8
:107FA8000B9801F0A9FA436818002193F8F7A4F890
:107FB8001D900B9801F0A0FA836814931D9B002B69
:107FC80011D0149B002B0ED01B78002B0BD08023D4
:107FD800DB001E4307E01B2322AA9B181A78002AFD
:107FE80001D120321A70159D4EE70123F1E708CC24
:107FF8001993002BF7DA5B4219930423E9E71B2353
:1080080022AA9B182B22EDE7159A159B12780133AB
:1080180011922A2A0ED000220A201199159330397C
:10802800092910D90A92002A00DB31E701235B42B3
:108038000A932DE704CC0A92002A02DA012252425E
:108048000A921593CFE742435218197801331191D8
:10805800E3E78023BDE700220A21159B1992199AAC
:1080680011984A433038821819921A7801331192BC
:10807800303A092AF3D915930AE70823A9E7159B8B
:108088001B78682B05D1159B0133159380239B0022
:108098009FE740239DE7159B1B786C2B04D1159B0C
:1080A80001331593202394E7102392E7210004C994
:1080B80043AB10911B211A70002222A809180A70DC
:1080C8000D9201320A920022099314001B92129217
:1080D800139207E210231E43B30631D50723073452
:1080E8009C43220018CA069307941092079A01230A
:1080F800002A0BDA069C079D00226142AA410691DC
:1081080007921B2222A952182D2111700799069A4D
:108118000A430A99002901DA01F066F8802134003F
:108128008C43002A01D001F064F80A9A002A01D190
:1081380000F0D9FC012B01D001F05FF800F06BFCD6
:10814800220008CA1092F20603D50693DB1707939C
:10815800CCE7720601D51BB2F7E7B205F5D55BB2DD
:10816800F3E7072307349C43220018CA1092012220
:1081780016931794169B52422493179B5B005B0837
:10818800259324982599234BFAF722FD002826D118
:108198002498259901221F4B5242F8F75FF90028CD
:1081A8001DD11698179900220023F8F74DF90028D9
:1081B80004D01B2322AA9B182D221A70164B099350
:1081C800119B472B01DC154B099380239E43002309
:1081D8000D9303330A9300231B9301F03DF8169A7D
:1081E800179B10001900FAF7F3FC00281CD0179B06
:1081F800002B04DA1B2322AA9B182D221A70084B85
:108208000993119B472BE0DC064BDDE7F0C3000820
:10821800FFFBFFFFFFFFEF7FE4C30008E0C3000898
:10822800ECC30008E8C30008119B612B00D185E06E
:108238005822412B00D182E00A9B013300D1A4E0EF
:108248002023119A0D909A43472A03D10A9B002BA9
:1082580000D19EE080235B0033431B93179B002BC8
:1082680000DB98E0802212069446169B1E93179B0B
:1082780063441F932D231C932023119D9D43412D5F
:1082880000D001E21E981F992AAA01F075F9FF2370
:1082980000229B05F9F7ACFD002200230E900F91F8
:1082A800F8F7CCF8002801D001232A933E4B12930B
:1082B800119B612B01D13D4B12930A9B099D013BF8
:1082C8000A9300220E980F99394BF9F791FD0E90F9
:1082D8000F91FAF79FFC0400FAF7D8FC02000B0094
:1082E8000E980F99FAF76AF82B00129A0135125D69
:1082F8000E900F911A700A9B139501335AD00A9B5E
:1083080000225C1E0023F8F799F8002849D02B00BA
:1083180030200A9AA918CA1A00D4B2E10122012110
:108328000A9B0A98DB17524290424B410024DBB269
:10833800A34200D044182B19139361E0782230210E
:1083480029AB19705A7002231E430A9B632B14DD54
:108358000B98591CFFF70CFB0990002812D10C9BB5
:108368009A89402313430C9A93810C9B9B895B0643
:1083780000D53FE51A985DB0F0BD00230D9343ABDF
:10838800099367E7099B0D9364E706230D900A9309
:1083980060E70123FBE7169B179C1E931F9400239D
:1083A80069E70A948DE7C04601C40008F0C30008D5
:1083B8000000304000220E980F99D04BF8F758F87B
:1083C80000280BD10E980F990022CC4BF8F736F8FD
:1083D800002800D19BE7E30700D498E73020129BE0
:1083E8002E95DB7B2E9A013A2E921178994200D174
:1083F80045E14B1CDBB2392901D1129B9B7A1370E2
:10840800139B099A9B1A0E9344216B462A9A11983A
:108418005B1824398843541E01001B7800202A94D5
:10842800412902D10F33DBB201302CA90B702B2369
:10843800002C02DA01240233A41A4B70092C00DC48
:10844800A0E1372522ABED1820000A210A95F7F79D
:10845800DFFF013D3031200029700A211294F7F71F
:10846800F1FE129B0400632BEEDC2A220A9B22A851
:10847800991E121837200B0030340C7022AC0019EA
:10848800834200D279E10023884204D322AA3933F7
:108498009B180A9A9B1A2A2222A95218D3182CAA86
:1084A8009B1A2293229A0E9B944663440A930E9B2E
:1084B800012B01DCF30704D5189A0A9B9446634400
:1084C8000A9380228E4B520033401A4300231C002B
:1084D8001B92129313931C9B002B00D0B3E1002333
:1084E8001B9E1B931B9B0A9A1C93934200DA1C92B7
:1084F8001B2322AA9B181B785A1E93411C9AD31837
:108508001C9302233340269302231E4202D01C9B55
:1085180002331C9384233340279384231E421FD1A4
:10852800199B1C9A9D1A002D1ADD3900319B75483C
:10853800329A013308313860102D00DDEFE27D609A
:10854800AD180F0032953193072B09DD0C990B9864
:1085580030AA00F089FE002801D000F018FE33AFE1
:108568001B2222A952181178329B002914D03A6094
:1085780001229B183293319B7A609B1831930837FC
:10858800072B09DD0C990B9830AA00F06DFE002826
:1085980001D000F0FCFD33AF269A329B002A15D09B
:1085A80029AA3A6002229B183293319B7A600133E0
:1085B80031930837072B09DD0C990B9830AA00F086
:1085C80053FE002801D000F0E2FD33AF279B802B3B
:1085D8001FD1199B1C9A9D1A002D1ADD3900319B59
:1085E8004948329A013308313860102D00DDA9E27C
:1085F8007D60AD180F0032953193072B09DD0C997A
:108608000B9830AA00F030FE002801D000F0BFFD22
:1086180033AF1B9B0A9A9D1A002D1ADD3900319B36
:108628003948329A013308313860102D00DD9CE258
:10863800AA187D6032920F003193072B09DD0C993F
:108648000B9830AA00F010FE002801D000F09FFD22
:1086580033AF329B1B93F30500D5A1E20A9A099B1D
:1086680094463B600A9B7B601B9B63443293319B1F
:1086780001333193072B00DD78E30837D4E210701B
:10868800B0E61870013346E603230A9C462D06D04F
:108698002C00453C624254410A9A013B14192EAA07
:1086A80004922BAA03922AAA029200930B9801948F
:1086B8001E9A1F9B01F058F80990472D3CD1F307EB
:1086C80024D42E9B099A2A9C9B1A0E93472D4BD093
:1086D800462D00D098E6012233000A9913400B4337
:1086E800002C6DDD002B00D186E00A00189BE318F2
:1086F800D3180A936623119370E0C0460000E03F48
:10870800FFFBFFFF39C5000829C50008099B1B1995
:108718000E9300221E981F990023F7F78FFE00285A
:1087280001D00E9B2E9330222E9B0E999942C8D9C8
:10873800591C2E911A70F7E7099B1B190E93462DA9
:10874800E7D1099B1B78302B0AD11E981F9900226C
:108758000023F7F773FE002802D101231B1B2A937D
:108768002A9B0E9AD318D3E7E31C02DB0A9BA34289
:1087780016DA119B023B119346E61C7801331470FC
:1087880001327DE62A2222ABD218002804D13023F8
:108798002B228B7022ABD2183034531C14707EE617
:1087A8000E9BA34212DD189A0E9B944663440A93CB
:1087B80067231193002C11DC0A9B1B1B01330CE06F
:1087C800002B1BD0189B0A9A013391E767230A9460
:1087D8001193F30702D5189BE3180A9380233200FC
:1087E800DB001A401392002212921E4200D172E658
:1087F800944225DC13926EE60A947BE766230A927C
:108808001193EBE7A3420EDAE41A149B5B78002B72
:1088180012D0139B01331393149B01331493149BAD
:108828001B78FF2BEED1129A139B9B181D9A53436A
:108838000A9A9B180A934EE6129B01331293EEE7AD
:10884800129B1393EBE71B2322AA9B182D221A7065
:1088580045E6B30609D523681A9A1A60D2175A60F2
:108868000434159B0993FFF7DDFAF30603D5236853
:108878001A9A1A60F4E7730603D523681A9A1A80BD
:10888800EEE7B605F3D523681A9A1A70E8E71023BD
:108898001E432023300018401E4210D0193B0734D5
:1088A8009C43220018CA069307941092B84B1E40A6
:1088B80000231B2222A952180021FFF726FC2200C0
:1088C80008CA3100109210221140164202D00693B5
:1088D8000790EBE7402230001040164203D09BB2CD
:1088E80006930791E2E78022310092001140164278
:1088F800F6D0DBB2EBE7230004CBA649069229AAFF
:108908001180A54A109300232392782207930233FB
:108918001E431192CDE7230004CB002410931B23A0
:10892800099222AA9B181C700A9BA34210DB1A000A
:108938002100099800F015FE0D90A04200D1EBE04F
:10894800099A0D94831A0A931B9412941394C9E5F7
:108958000998F7F7D1FB23000A900D943CE4102303
:108968001E432023300018401E4209D0193B07340B
:108978009C43220018CA069307941092012398E793
:10898800230004CB31001093102319401E4203D05A
:10899800069207900F3B8CE74023300018401E4298
:1089A80003D093B206930791E8E7802331009B0038
:1089B80019401E4203D0D3B206930790DEE7069211
:1089C800F1E7764BFFF7CAFA230004CB3100109386
:1089D800102319401E4203D006920790FFF7CEFAE3
:1089E8004023300018401E4204D093B206930791EA
:1089F800FFF7C4FA802331009B0019401E4202D0C1
:108A0800D3B20693E9E70692F1E7079B002B0CD156
:108A1800069B092B09D8069B3033DBB2E72222A933
:108A280052181370099200F00EFC00230E93802355
:108A3800DB0023405CAE0D930A22069807990023B9
:108A4800F7F72AFD731E303209931A700E9B050042
:108A580001330E930D9B1291002B23D0149B0E9A79
:108A68001B789A421ED1FF2A1CD0079B002B03D1EA
:108A7800069B092B00D8E6E3099B1D9A21999B1AAE
:108A88001800099300F024FD0022149B0E925B78D5
:108A98005A1E9341149AD3181493129B099E069553
:108AA8000793C9E7079B002BF7D1069B092BF4D83E
:108AB800C9E30F205CAB0993099B239A013B0993F7
:108AC800069B0340D35C099A1370079B1907069B02
:108AD8001A09079B11431B0907930B00079A069174
:108AE8001343E9D1AFE35CAA0992002B00D0AAE3B3
:108AF800F60700D4A7E3303390E7119B002B00D191
:108B080066E3119A1B2143AB1A70002222A80918A8
:108B18000A701094FFF7D4FA0D9BFFF75DFB102045
:108B28001218786032923193072B08DD0C990B9854
:108B380030AA00F099FB002800D028E333A90F00E1
:108B4800103DF2E410201218786032923193072B0E
:108B580008DD0C990B9830AA00F086FB002800D09D
:108B680015E333A90F00103D38E51020121878607E
:108B780032923193072B08DD0C990B9830AA00F03C
:108B880073FB002800D002E333A90F00103D45E530
:108B9800FFFBFFFF30780000F0C3000801C40008A5
:108BA800119B652B00DC3FE21698179900220023E1
:108BB800F7F744FC002878D07A4B3B6001237B60B0
:108BC8001B9B083701333293319B01333193072BB9
:108BD80008DD0C990B9830AA00F046FB002800D05D
:108BE800D5E233AF2A9B0E9A934201DBF3071BD5DC
:108BF800209B189A3B60189B7B60329B08379B1818
:108C08003293319B01333193072B08DD0C990B9874
:108C180030AA00F029FB002800D0B8E233AF0E9B41
:108C280010255C1E002C2FDC760700D592E2199BDC
:108C38001C9A934200DA13001A9AD3181A93329B9B
:108C4800002B07D00C990B9830AA00F00DFB0028D8
:108C580000D09CE2002331930D9B002B00D0B2E2A0
:108C6800109C33AFFDE510327D6032923193072BB3
:108C780008DD0C990B9830AA00F0F6FA002800D00D
:108C880085E233A90F00103C3900319B4648329ADF
:108C9800013308313860102CE5DC7C60A4180F0023
:108CA80032943193072BBFDD60E02A9B002B00DD57
:108CB8007CE03C4B3B6001237B601B9B0837013306
:108CC8003293319B01333193072B08DD0C990B98B4
:108CD80030AA00F0C9FA002800D058E233AF0E9944
:108CE8002A9B329A0B43012131400B439CD0209B95
:108CF8003B60189B7B609A18319B32920133319309
:108D08000837072B08DD0C990B9830AA00F0ACFA4D
:108D1800002800D03BE233AF2A9C002C19DA380037
:108D2800102564423199204A329B0131083702608C
:108D3800102C25DC4460E41832943191072908DDB1
:108D48000C990B9830AA00F08FFA002800D01EE288
:108D580033AF099B329A3B600E9BD2183292319AFC
:108D68007B6001323192072A00DC86E40C990B986B
:108D780030AA00F079FA002800D008E233AF53E7B0
:108D88001033456032933191072908DD0C990B980F
:108D980030AA00F069FA002800D0F8E133AF3800B3
:108DA800103CBFE712C4000829C500080E9B250027
:108DB8009C4200DD1D00002D14DD099B7D603B6099
:108DC8001B9B0837EB183293319B01333193072BE8
:108DD80008DD0C990B9830AA00F046FA002800D05C
:108DE800D5E133AFEB43DB171D40651B002D19DDC3
:108DF8003900319BCB48329A013308313860102D45
:108E080000DD83E07D60AD180F0032953193072BAC
:108E180008DD0C990B9830AA00F026FA002800D03B
:108E2800B5E133AF099B1C1973050BD5139B002BB8
:108E38007FDC129B002B7FDC099B0E9A9B189C42BF
:108E480000D91C002A9B0E9A934201DBF30716D522
:108E5800209B189A3B60189B7B60329B08379B18B5
:108E68003293319B01333193072B08DD0C990B9812
:108E780030AA00F0F9F9002800D088E133AF0E9A43
:108E8800099B94462A9D63441B1B551B9D4200DD8C
:108E98001D00329B002D12DDEB183293319B3C6094
:108EA80001337D6031930837072B08DD0C990B9847
:108EB80030AA00F0D9F9002800D068E133AF0E9B42
:108EC8002A9C1C1BEB43DB171D40641B1025002C40
:108ED80000DCA9E63900319B9248329A0133083107
:108EE8003860102C00DCD8E610327D603292319365
:108EF800072B08DD0C990B9830AA00F0B5F900286B
:108F080000D044E133A90F00103CE3E71020121809
:108F1800786032923193072B08DD0C990B9830AAB0
:108F280000F0A2F9002800D031E133A90F00103D6C
:108F38005EE7129B002B5DDD129B013B1293219B88
:108F48001D9A3B601D9B7B60329B08379B183293B0
:108F5800319B01333193072B08DD0C990B9830AA0C
:108F680000F082F9002800D011E133AF099B0E9A76
:108F78009D18149B2D1B1B789D4200DD1D00329B04
:108F8800002D12DDEB183293319B3C6001337D607C
:108F980031930837072B08DD0C990B9830AA00F09D
:108FA80063F9002800D0F2E033AF149B1A78EB4342
:108FB800DB171D40551B002D18DD3900319B594822
:108FC800329A013308313860102D1ADC7D60AD18F3
:108FD8000F0032953193072B08DD0C990B9830AAB6
:108FE80000F042F9002800D0D1E033AF149B1B7881
:108FF800E4181BE7149B013B1493139B013B139349
:109008009DE710201218786032923193072B08DD03
:109018000C990B9830AA00F027F9002800D0B6E088
:1090280033A90F00103DC8E73C001B99319B0E9AED
:10903800013101330834012A03DC0122164200D130
:1090480083E0099A32913A60012231937A60072BC2
:1090580008DD0C990B9830AA00F006F9002800D01A
:1090680095E033AC209B189A2360189B6360329B71
:1090780008349B183293319B01333193072B08DD59
:109088000C990B9830AA00F0EFF8002800D07EE089
:1090980033AC319B0022169817990A930E9B329F86
:1090A8005D1E0023F7F7CAF9002826D1099B0A9A02
:1090B80001330E9923607B1E01325B186560329381
:1090C80031920834072A07DD0C990B9830AA00F072
:1090D800CBF800285BD133AC2CAB2360229B229ABF
:1090E8006360329B9B183293319B01333193072B7A
:1090F80000DD3BE60834270096E50E9B1027012B80
:10910800EADD2100319B0748329A0133083120609B
:10911800102D09DC65600C00AD1832953193072BD2
:10912800DADDD1E729C50008103267603292319341
:10913800072B07DD0C990B9830AA00F095F800284A
:1091480025D133A90C00103DDBE70998329105C7FA
:109158003193E4E7199B1C9A10259C1A002C00DC1B
:1091680065E5319B3F49329A01333960102C19DC8F
:109178007C60A41832943193072B00DC57E50C99D6
:109188000B9830AA00F070F8002800D14FE50D9B2D
:10919800002B01D1FFF7E9F819000B98FEF736FB11
:1091A800FFF7E3F810327D60329231930837072BCE
:1091B80007DD0C990B9830AA00F056F80028E6D184
:1091C80033AF103CCDE70D990B98FEF71FFB47E531
:1091D800329B002B01D1FFF7C8F80C990B9830AAE5
:1091E80000F042F8FFF7C1F83400002A01D1FEF779
:1091F800A1FF012B01D1FFF708FC022B00D158E495
:1092080007255CAB0993099A1300013B0993069B58
:1092180009992B4030330B7007994E070699C808F7
:1092280007990643C9080791310007980696014334
:10923800E9D1E10707D5302B05D03021099B013B47
:109248001970931E09930A9B099A1B935CAB9B1A8E
:109258000A93002326000D931C0012931393FFF723
:1092680041F9C04639C50008F7B50E001400156865
:109278000190A368002B04D100200023A360636041
:10928800FEBD63685A1E6260002BF5DD6F68002F13
:109298000AD03B0031002A68019801F085FB431C85
:1092A800EBD0A368DB1BA3600835E2E770B50500C7
:1092B8000C1E1AD0002804D0436B002B01D1FEF7F6
:1092C80001F90C22A35E626ED20704D49B050FD469
:1092D800A06DFEF72FFA0C22A35E002B08D1636E57
:1092E800DB0702D4A06DFEF726FA0026300070BD19
:1092F8002100280000F036F8E36A0600002B06D0AB
:109308002800E1699847002801DA01267642A389F6
:109318001B0603D528002169FEF778FA216B00297E
:1093280008D023004033994202D02800FEF76EFA95
:1093380000232363616C002904D02800FEF766FA35
:1093480000236364FEF7AEF80023A381636EDB0796
:1093580002D4A06DFEF7EFF9A06DFEF7EAF9FEF76B
:10936800A9F8C3E7F7B50C228B5E05000C001A07B5
:109378005ED4802212011A438A814A68002A02DCDC
:10938800CA6B002A52DDA76A002F4FD00022802026
:109398002E682A601A004001E1690240034237D072
:1093A800226DA3895B0706D56368D21A236B002B4D
:1093B80001D0E36BD21A00232800A76AE169B847F5
:1093C800431C06D12A681D2A4AD82C4BD340DB07F8
:1093D80046D50C22A35E2A4A1A40A2810022626066
:1093E80022692260DB0405D5431C02D12B68002BBF
:1093F80000D12065216B2E60002917D0230040334F
:10940800994202D02800FEF701FA002323630DE0F9
:1094180001232800B8470200431CC2D12B68002B47
:10942800BFD01D2B01D0162B1AD12E6000201EE0B4
:109438000E69002EFAD00F680E60BA1B0192002246
:109448009B0700D14A69A260019B002BEEDD636A8D
:1094580032001F002800019BE169B847002807DC9B
:1094680040230120A289404213431BB2A381FEBDC1
:10947800019B36181B1A0193E6E7C04601004020FD
:10948800FFF7FFFF70B505000C00002804D0436B00
:10949800002B01D1FEF716F80C22A35E1E1E15D074
:1094A800626ED20704D49B0502D4A06DFEF742F980
:1094B80021002800FFF756FF636E0600DB0705D47E
:1094C800A3899B0502D4A06DFEF735F9300070BD65
:1094D800030030B51D00002A06D00C78013A01338C
:1094E8002C700131002CF5D100219A18934200D13B
:1094F80030BD19700133F9E7004870477C06002039
:10950800002370B5064D040008002B60FAF7B2F886
:10951800431C03D12B68002B00D0236070BDC046CC
:10952800C80B002070B5074C074D641BA410002C15
:1095380002D102F0EBFC70BD013CA300EB58984748
:10954800F5E7C04680C700087CC70008802310B52F
:10955800082804D0FEF7C2F816230360173B18004A
:1095680010BDC9B28218904201D10020704703781B
:109578008B42FBD00130F6E770B51400002525605A
:10958800104D4B000A005B08AB421AD81D0005437A
:1095980017D00D4D294209D100220C4BF8F728FCB1
:1095A80036250A004B006D425B082560084D1B15E7
:1095B8005B192568EB182360064B1A40064B1343CA
:1095C800190070BDFFFFEF7F0000F07F00005043DF
:1095D80002FCFFFFFFFF0F800000E03FF7B51C4FC4
:1095E80004003868160001930091FEF7A3F8194AA1
:1095F8001368002B01D1184B13605A6838681F2A6A
:1096080004DDFEF798F801204042FEBD002C14D07E
:10961800910059180F0088373E6001271E009740B7
:109628008536FF367568FC313D437560019DCD6018
:10963800022C02D1B1683943B160511C5960023221
:1096480000999200D150FEF776F80020DDE7C04679
:1096580078010020D00B0020080C0020F0B5036929
:109668000C6989B0039006910020A34263DB0B00CC
:10967800013C1433A50004935B190593039B143331
:1096880001935D19059B2F681E683800013631006B
:10969800F6F74EFD0290B74227D3049B00279C465D
:1096A800019E0797624608CA30689446029A99B2A2
:1096B80051431B0C5343C9190A0C9B1889B282B237
:1096C800521A07991F0C5218000C9BB21114C31A96
:1096D8005B18191492B21B041A43059B079104C620
:1096E8006345DFD22B68002B2BD00699039801F035
:1096F80045F800281EDB0026019D049901C92B6846
:1097080087B29AB2D21B9219000C1B0C1B1A1014A8
:109718001B181E1492B21B041A43059B04C58B42E6
:10972800ECD2019AA300D3181A68002A14D0029B1D
:1097380001330293029809B0F0BD2B68002B04D1C5
:10974800013C019B043DAB42F7D3039B1C61CCE772
:109758001A68002A04D1013C019A043B9A42F7D3C3
:10976800039B1C61E3E70000F0B514001D00816B4A
:109778009DB00A940B95259E0390002909D00123DA
:10978800C26B93404A608B6000F0EAFD0023039AA5
:109798009363002D1EDA012333606B005B080B9383
:1097A8000B9FB64BB54A3B40934216D1B44B249A13
:1097B80013603B031B0B234301D100F07BFDB14B2E
:1097C800269A0893002A02D0AF4B269A136008986D
:1097D8001DB0F0BD00233360E2E70A9A0B9B12929A
:1097E80013931298139900220023F6F727FE061EFA
:1097F8000BD00123249A1360269B002B02D0A34B85
:10980800269A1360A24B0893E1E71AAB01931BABAE
:1098180000930398129A139B01F066F87A0005905A
:10982800520D00D17BE0139B18961903994B090B35
:109838000B43994957181298139919000022974B0E
:10984800F8F7BCFD964A974BF8F7D2FA964A974B29
:10985800F7F7CEFA040038000D00F9F717FA944A22
:10986800944BF8F7C5FA02000B0020002900F7F71F
:10987800BFFA04000D00F9F7CDF900220490002387
:1098880020002900F6F7E0FD00280BD00498F9F72E
:10989800FDF92B002200F6F7D1FD43425841049B05
:1098A8001B1A049301231593049B162B10D81298A6
:1098B8001399049A804BD2009B181A685B68F6F7D4
:1098C800C3FD002847D0049B013B04930023159354
:1098D80000221A9B0692DB1B5A1E3ED50122D31A80
:1098E800069300230D93049B002B38DB049A0D9BF1
:1098F800944663440D93002314920F93229B0124F2
:10990800092B62D8052B02DD0024043B2293229BFD
:10991800981E032863D8F6F7F7FB5456382B1B9B81
:109928001A9EF618654BF218202A0FDD40239B1A61
:109938009F40634B3800F318DC402043F9F7D4F913
:109948000122604B771ECB18189276E7202320005F
:109958009B1A9840F2E71590BAE70D92C3E7069B69
:10996800049A9B1A069353420F9300231493C5E756
:109978000123239A10939446049B63440E93013366
:109988000993002B08DC012306E001231093239B95
:10999800002B28DD0E9309930021042210001430B7
:1099A800984225D9039B1800D96300F0B1FC0890B0
:1099B800002820D1B021444B4448089AFF3101F0D7
:1099C8006FF80023E2E70023D3E7002310942293E3
:1099D800013B00220E93099313332392DCE7012302
:1099E8001093023BF5E701231A000E930993F4E75D
:1099F80001315200D2E7039B089A9A63099B0E2B08
:109A080000D9D4E0002C00D1D1E0049B002B61DD0B
:109A18000F21049A284B0A40D2009B181E685F68E1
:109A2800049B02241D11DB050AD5294B0D401A6A37
:109A38005B6A12981399F7F7A1FD0A900B9101340C
:109A4800234B0C93002D08D10A980B9932003B0048
:109A5800F7F794FD0A900B9157E001231D4209D0B6
:109A6800E4180C9B30001A685B683900F8F7C0F9F5
:109A780006000F000C9B6D100833E2E70000F07F32
:109A88000F2700001DC4000820C4000813C40008E4
:109A980012C400080000F03F01FCFFFF0000F83F7F
:109AA80061436F63A787D23FB3C8608B288AC63FDC
:109AB800FB799F501344D33F80C50008320400004F
:109AC80012040000000010FE21C4000832C400087F
:109AD80058C50008049B0224002B16D0129813992D
:109AE8000F225D422A40D54BD2009B181A685B684A
:109AF800F8F77EF9012700230A900B91D04E2D111B
:109B0800002D00D095E0002BA4D10A9E0B9F159B39
:109B1800002B00D198E0002230003900C94BF6F73D
:109B280093FC002800D18FE0099B002B00D18BE02B
:109B38000E9B002B37DD049B0022013B0C93300069
:109B4800C14B3900F8F754F90A900B910E9B013478
:109B580020001193F9F79AF80A9A0B9BF8F748F93D
:109B6800BA4B0022F7F744F9B94B0600CF18119BFE
:109B7800002B6DD10A980B990022B64BF8F71EFC02
:109B880032003B0004000D00F6F772FC002800D0FC
:109B9800B5E2802109067B18320020002900F6F77B
:109BA80053FC002828D1129B139C0A930B941B9BEF
:109BB800002B00DA74E1049A0E2A00DD70E19F4B55
:109BC800D2009B185C681B6806930794239B002BA4
:109BD80000DBE7E0099B002B00DDE3E00CD10698F1
:109BE800079900229B4BF8F703F90A9A0B9BF6F7A3
:109BF80049FC002800D185E200263700239B089CF9
:109C0800DB430C93049700273100039800F0A8FB6E
:109C1800049B002B00D1BBE0002F05D09F4203D04E
:109C28003900039800F09CFB0499039800F098FB16
:109C3800AEE03D4205D032687368F8F7D9F83B00CA
:109C480001346D1008365BE7049B0C93099B7FE792
:109C5800119A7A4B013AD20010999B181A685B68DE
:109C680000294CD000207C49F7F788FC32003B00E3
:109C7800F8F7A4FB089A060094460F00089B169371
:109C8800119B634411930A980B99F8F7C3FF0500D9
:109C9800F8F7FCFF02000B000A980B99F8F78EFB07
:109CA800169B30355C1C1D7032003B000A900B91EE
:109CB800F6F7CAFB00286BD10A9A0B9B0020614972
:109CC800F8F77CFB32003B00F6F7BEFB002800D01B
:109CD800C6E0119BA34200D165E70022300039009D
:109CE800594BF8F785F8002206000F000A980B99DF
:109CF800554BF8F77DF816940A900B91C3E730009E
:109D08003900F8F775F8089D119A2B0094461690BB
:109D18001791634419930A980B99F8F77BFF04008D
:109D2800F8F7B4FF0B0002000A980B99F8F746FB06
:109D38003034199B2C70013506000F00AB422AD134
:109D480016981799089B119C9C460022424B644424
:109D5800F7F74EF802000B0030003900F6F788FBE1
:109D6800002800D07CE0169A179B00203A49F8F7A3
:109D780025FB02000B0030003900F6F765FB0028D0
:109D880000D110E72300013C2278302AFAD01C00C9
:109D98000C9B049342E000222B4BF8F729F80A9019
:109DA8000B91B8E7099B089D013B5B190A9E0B9F25
:109DB8000A93069A079B30003900F7F7DFFBF8F79C
:109DC80029FF0990F8F762FF069A079BF8F710F841
:109DD80002000B0030003900F8F7F0FA2B00099A5E
:109DE800013530321A700A9A2C009A424BD102007F
:109DF8000B00F6F7FDFF069A079B06000F00F6F723
:109E080037FB00282AD1069A079B30003900F6F75D
:109E180015FB002802D0099BDD071FD4059903987C
:109E280000F09EFA00232370049B249A01331360E8
:109E3800269B002B00D1CAE41C60C8E480C500083A
:109E480058C500080000F03F0000244000001C40F6
:109E58000000C0FC000014400000E03F049B0C938D
:109E680023001C00013B1A78392A08D1089A9A4223
:109E7800F7D10C9A089901320C9230220A701A789C
:109E880001321A7084E70022C54BF7F7B1FF0022B0
:109E9800002306000F00F6F7D1FA002889D0BDE7A5
:109EA800109F0F9D069C002F14D0229A012A00DDD6
:109EB800E4E0189A002A00D1DAE0BA4A9B18069A18
:109EC8000121D21806920D9A0398D3180D9300F029
:109ED800E5FA0700002C0ED00D9B002B0BDD0D9A28
:109EE8002300944200DD1300069AE41AD21A06925F
:109EF8000D9AD31A0D930F9B002B21D0109B002B8A
:109F080000D1D3E0059E002D14D039002A00039813
:109F180000F086FB059A01000700039800F0D6FAC6
:109F280006000599039800F01BFA0F9B05965B1B2A
:109F38000F9305D031000F9A039800F071FB05903C
:109F48000121039800F0AAFA149B0600002B00D107
:109F5800BAE11A000100039800F062FB229B060098
:109F68000025012B16DC00250A9BAB420ED10B9B6A
:109F78001B03AB420AD18C4B0B9A134206D0069BAB
:109F88000135013306930D9B01330D93149B01207A
:109F9800002B08D0336903339B00F318586800F08E
:109FA8002DFA2023181A0D9B181802001F231A4097
:109FB800184200D181E001339B1A042B79DD1C2360
:109FC8009B1A069AE418D21806920D9AD3180D9384
:109FD800069B002B05DD1A000599039800F062FB2B
:109FE80005900D9B002B05DD31001A00039800F049
:109FF80059FB0600159B002B61D03100059800F035
:10A00800BDFB00285BDA049B0A22013B0C930599EF
:10A018000023039800F0AEF9109B0590002B00D1A7
:10A0280059E1002339000A22039800F0A3F90E9B96
:10A038000700002B4DDC229B022B46DD0E9B002BDC
:10A0480000D0DBE531000522039800F093F9060003
:10A058000100059800F092FB002800DCCEE5089B83
:10A06800089A5C1C312313700C9B01330C93C9E5CF
:10A0780036231A9A0F9D9B1A069C20E7099B5D1EA2
:10A088000F9BAB4208DB5D1B099B002BF4DA069B98
:10A09800099A9C1A002312E70F9B149AEB1AD318FB
:10A0A80014930F95069C0025099B08E70F9A0599BC
:10A0B80042E7042B8CD01C3383E71300FBE7049B97
:10A0C8000C93099B0E93002BB5DD109B002B00D140
:10A0D80005E1002C05DD39002200039800F0E2FAC2
:10A0E80007000497002D1FD07968039800F010F935
:10A0F800041E0BD122002D4B2D482E495FE4119EE2
:10A108003700ACE7049B099E0C93F9E739003A69DC
:10A118000C31023292000C3000F0B8FC0122210010
:10A12800039800F0BFFA0490089B0E9A0693013B2F
:10A138009B1801220F930A9B13400E933100059838
:10A14800FFF78CFA390005000A90059800F016FB15
:10A15800049A0D903100039800F02CFB0122C3688B
:10A16800040030350992002B04D10100059800F055
:10A1780005FB09902100039800F0F2F8069B229A4B
:10A188005C1C099B13430E9A134315D1392D2ED00D
:10A198000D9B002B01DD0A9D3135069B1D7033E5B3
:10A1A80000002440330400000000F07F21C40008B0
:10A1B80032C40008EF0200000D9B002B04DB229A3A
:10A1C80013430E9A13431ED1099B002BE5DD059915
:10A1D8000122039800F066FA3100059000F0CEFAEB
:10A1E800002802DCD9D1EB07D7D5392DD3D13923B3
:10A1F800069A137023001C00013B1A78392A50D0A4
:10A2080001321A7000E5099B002B03DD392DEED0D1
:10A218000135C2E7069B069A1D700F9B93422BD00F
:10A2280000230A220599039800F0A4F8049B0590DE
:10A238009F4209D1390000230A22039800F09AF8B6
:10A2480007000490069479E7390000230A2203984E
:10A2580000F090F8002307000A220499039800F000
:10A2680089F80490EEE70E9B0124002B00DD1C000A
:10A2780004970027089B1C1905990122039800F0F0
:10A2880011FA3100059000F079FA0028B2DC01D10A
:10A29800ED07AFD423001C00013B1A78302AFAD00E
:10A2A800B2E4089A9A42A6D10C9B01330C9331234D
:10A2B8001370A9E4144B269A0893144B002A01D072
:10A2C800FFF783FAFFF783FA229B012B00DC4AE6AB
:10A2D8000120149D67E60E9B002B00DCABE60024F2
:10A2E80031000598FFF7BAF9089B303018550E9BD6
:10A2F80001340500A342B6DD00230A22059903981C
:10A3080000F038F80590EBE714C400081CC40008F6
:10A31800436C70B506000C00002B12D0736CA200C1
:10A328009B181868002815D101210D00A5406A1D49
:10A338003000920000F0D2FB002809D0446085600C
:10A348000AE02122042100F0C9FB70640028E5D14D
:10A35800002070BD02681A6000230361C360F8E73B
:10A36800002906D04A68436C92009B181A680A6054
:10A3780019607047F7B50F0001900C001E0000200F
:10A388000D6914373B68013099B251431B0C534394
:10A3980089190E0C9B191E0C89B21B045B1808C77F
:10A3A8008542EFDC002E22D0A368AB4219DC61683D
:10A3B80001980131FFF7ACFF071E05D13A00BA2119
:10A3C8000C4B0D4800F06CFB210022690C31023265
:10A3D80092000C3000F05AFB21000198FFF7C0FFF3
:10A3E8003C002B1D9B00E31801355E6025612000B1
:10A3F800FEBDC04621C400088AC4000880220300AC
:10A4080052020020934201D21B04103080225204D1
:10A41800934201D208301B0280225205934201D296
:10A4280004301B018022D205934201D202309B00E6
:10A43800002B03DB0130134200D120207047036852
:10A44800010007221800104013420DD0063A0020E0
:10A45800134205D10230034203D0D34010000B60F1
:10A4680070479B080B60FBE79AB2002A01D11020C5
:10A478001B0CDAB2002A01D108301B0A1A0701D1D5
:10A4880004301B099A0701D102309B08DA07E9D486
:10A4980001305B08E6D12020E2E7000010B50C008F
:10A4A8000121FFF735FF002807D14621054C02009E
:10A4B800054B2000FF3100F0F3FA012344610361EA
:10A4C80010BDC0468AC4000821C40008F0B51400B5
:10A4D8000A6923690D0089B09A4202DB23000C0047
:10A4E8001D0027692E696168BB190093A368BA1912
:10A4F800934200DA0131FFF70BFF8446002806D1AA
:10A50800B1216246444B4548490000F0C9FA0200AF
:10A51800BB1914329B00D318019300211300019832
:10A52800834228D32300BF00143304931435DB1966
:10A53800B6000293AB1907930423059323000299ED
:10A548001533994205D30C1B153CA4080134A3000C
:10A558000593079B9D4210D3009B002B05DD019BB3
:10A56800043B01931B68002B52D063466046009A57
:10A578001A6109B0F0BD02C3D1E72C68A4B2002C5F
:10A588001FD000231700049E039308CE3968069352
:10A598006B461B8B88B263431B180398090C1B1866
:10A5A8000698000C60434018190C4118080C9BB21F
:10A5B80009041943029B039002C7B342E5D8059BDF
:10A5C800D0502C68240C20D0002110001368049E61
:10A5D80003913168076889B261433F0CC919039F29
:10A5E8009BB2C9190F041F43076080CE43683F0C14
:10A5F80067439BB2090CFB185B18190C039102996D
:10A608000430B142E5D80599535004350432A0E727
:10A61800009B013B00939FE721C400088AC40008FF
:10A62800F7B50323150007000E001A401D4208D095
:10A638001A49013A9200525800233100FFF79AFE56
:10A648000600AD1027D03C6C002C07D13800144907
:10A65800FFF724FF002304003864036001231D4230
:10A668000AD0310022003800FFF730FF3100019096
:10A678003800FFF775FE019E6D100CD02068002889
:10A6880007D1220021003800FFF720FF00232060B7
:10A6980003600400E2E73000FEBDC0464CC5000878
:10A6A80071020000F0B50C0016002369571185B03F
:10A6B800FB180193013300934968A3680290009A3C
:10A6C800934210DB0298FFF723FE002301000500E8
:10A6D8001A00143198420CD1EF212A00254B264844
:10A6E800490000F0DDF901315B00E8E798000A5005
:10A6F8000133BB42FADBFB43DB171F40BF002300DB
:10A708001F20C91937002269143392009A1807408C
:10A71800064229D00130C01B03908C4600201E68D9
:10A72800BE400643604640C08446039E01CBF040CD
:10A738009A42F4D8260015360423B24204D3131BD8
:10A74800153B9B0801339B00C850002802D0019B91
:10A7580002330093009B0298013B21002B61FFF715
:10A76800FFFD280005B0F0BD01CB01C19A42FBD81E
:10A77800F0E7C04621C400088AC4000830B50B6958
:10A7880004690200E01A9C420FD114329B00143174
:10A798001400C918D218043A043915680B689D4288
:10A7A80004D001209D4200D2023830BD9442F2D339
:10A7B800FBE70000F0B50C0087B000901100200006
:10A7C8001700FFF7DBFF051E10D101000098FFF707
:10A7D8009FFD021E04D1404B4048414900F060F9FA
:10A7E800012345610361100007B0F0BD0026B042A7
:10A7F80003DA23003C001F00013661680098FFF768
:10A8080087FD021E03D1344B34483649E6E72369F5
:10A81800143400939B00E318210001943C00029338
:10A828003B6914349B00E31803930300C6608C460D
:10A838000020143304930593634620CBA9B20E007D
:10A848009C4608CC2D0C99B2711A09181B0C0814D7
:10A85800EB1A1B18181489B21B041943059B02C371
:10A868000593039BA342E7D83900039C15310423C1
:10A878008C4204D3E31B153B9B0801339B000199D1
:10A88800CD1804992E00CB181F0002998E4211D3BF
:10A89800029CE91E00208C4204D321000331491B8D
:10A8A800890888001B18043B1968002910D0009BF0
:10A8B800136198E7844602CE88B2604400140C0CF9
:10A8C80004196144201489B22404214302C7DCE737
:10A8D800009901390091E6E721C400088AC40008FC
:10A8E8003702000045020000F7B5012116001F00DD
:10A8F800FFF70EFD041E05D12200254B25482649E9
:10A9080000F0CEF83B037D001B0B6D0D02D08022BA
:10A91800520313430193002E25D068460096FFF793
:10A928008EFD019B009900281BD020221E00121AC0
:10A9380096403200C3400A4362610193019EA661BA
:10A94800731E9E4101362661002D14D03526134B07
:10A95800ED18089B2D181D60099B361A1E602000F3
:10A96800FEBD6161EAE701A8FFF769FD019B0126C9
:10A9780063612030E7E70A4BC018089B1860094B51
:10A98800F3189B00E3185869FFF738FD7601E3E7F1
:10A9980021C400088AC400080F030000CDFBFFFF94
:10A9A800CEFBFFFFFFFFFF3FF0B58E6885B01F00AD
:10A9B8000C000B6802900392BE4230D80C21625EF4
:10A9C8009021C9000A4228D0032021695B1A01930B
:10A9D800636943430198DD0FED187B1C1B186D104C
:10A9E800AB4200D91D00520528D529000298FCF772
:10A9F800BFFF061E2CD0019A216900F047F8A289F2
:10AA0800184B1A4080231343A381019B2661F61833
:10AA180026603E006561ED1AA560BE4200D93E0081
:10AA280032000399206800F01FF80020A3689B1BE0
:10AA3800A36023689B19236005B0F0BD2A00029823
:10AA480000F0ACF8061EE0D121690298FCF7DEFEA2
:10AA58000C230120029A40421360A2893433134325
:10AA6800A381E9E77FFBFFFF10B5884202D98B1865
:10AA7800984208D300239A4207D0CC5CC4540133CF
:10AA8800F9E78B5C8354013AFBD210BD002310B563
:10AA98009A4200D110BDCC5CC4540133F8E70000E1
:10AAA8007FB514001A00094B05001B680E00D86812
:10AAB800074B002C01D1074B1C0007490193029456
:10AAC8002B00009600F022FA01F034F93000002043
:10AAD800EDC4000828C50008FAC40008F8B5002429
:10AAE8000B0C160CA34233D1A64221D18BB291B2E2
:10AAF8005943FCF73DFF051E32D00300083B5A6856
:10AB080003239A43043A242A32D80300132A0AD981
:10AB18000460446008331B2A05D98460C460242A71
:10AB280021D00300103300221A605A609A6018E09E
:10AB3800331C0D1C89B292B29BB24A43ADB25D433D
:10AB4800110C69180B0C07D1090492B21143D0E714
:10AB5800002E01D1151CEDE7FCF7C0FD0C230360A6
:10AB680000252800F8BD0300046118334461DAE7C2
:10AB78000021FCF75DFDF4E782B0002900D101A9AE
:10AB8800101E06D0002B06D013780B601078431ED9
:10AB9800984102B0704702204042FAE7F0B587B00A
:10ABA8000C1E0390059206D11100FCF7E1FE070088
:10ABB800380007B0F0BD0398FDF7EAF82300083B1A
:10ABC8005F6802933A0003239A43059B04920B3370
:10ABD800162B08D907229343019306D50C23039A11
:10ABE80013600027E4E710230193059B019A934221
:10ABF800F4D8049B019A934200DB6DE1049A029B0E
:10AC0800BA489B18826894465A689C4506D0012524
:10AC18001100A94359184968294244D103218A439C
:10AC280004998E1801999C4517D11031B1423CDC2A
:10AC3800019A01219446B61A2200029B0E436344EE
:10AC48008360083A5E60536803980B4061460B4383
:10AC58005360FDF7A5F82700AAE7B14225DCDA68BA
:10AC68009B68DA609360019B029AF41A029B92191E
:10AC78005868012318400F2C00D82FE1019D029934
:10AC880028434919029D1C4368604C60506808318C
:10AC9800034353600398FCF7B9FD0398FDF780F868
:10ACA800029F083784E700221300FF0700D5C6E09B
:10ACB8002100032008390D6802994D1B69688143FA
:10ACC80004980F18002B00D184E0D6199C4548D170
:10ACD800019B1033B3427DDCAA68EB682F00D36078
:10ACE8009A600200043A0837242A35D83B00132A10
:10ACF80008D92368AB606368EB601B2A1AD82B005D
:10AD08000834103322681A6062685A60A2689A6030
:10AD1800019B764AEB189360019AB61A01221643F2
:10AD28005E606B681340019A13436B600398FDF7EC
:10AD380037F83DE7A3682B61E3686B61242A03D0E9
:10AD48002B0010341833DDE72369AB612B006269EF
:10AD58002033EA611834D5E721003800FFF784FE74
:10AD6800D6E7019AB24235DC2800DA689B680830D9
:10AD7800DA609360AA68EB68D3609A60049A043A30
:10AD8800242A23D8132A07D92368AB606368EB60A9
:10AD98001B2A09D8083408302368036063684360B5
:10ADA800A368836002955EE7A3682B61E3686B6123
:10ADB800242A03D0280010341830EDE7280023692E
:10ADC8002030AB6163691834EB61E5E72100FFF7D8
:10ADD8004BFEE7E7019BBB4231DC2800AA68EB6821
:10ADE8000830D3609A60049A043A242A23D8132A94
:10ADF80007D92368AB606368EB601B2A09D808345D
:10AE080008302368036063684360A36883603E007A
:10AE1800C8E7A3682B61E3686B61242A03D0280084
:10AE280010341830EDE7280023692030AB616369DE
:10AE38001834EB61E5E72100FFF716FEE7E705990F
:10AE48000398FCF795FD071E03D10398FCF7A8FFAC
:10AE5800C7E623000122083B5B689343029AD31894
:10AE68000200083A934205D15E6803239E43049B7F
:10AE7800F618F8E6049A043A242A29D8030021008F
:10AE8800132A08D923680360636843601B2A0DD816
:10AE98000300083108330A681A604A685A608A68E9
:10AEA8009A6021000398FCF7B1FC3FE7A368836030
:10AEB800E368C360242A03D0030010311033EAE7A3
:10AEC8002369183103610300626918334261E2E7BC
:10AED8002100FFF7C9FDE4E7049EC4E60299064392
:10AEE8004E6051680B435360D7E6C046840100208A
:10AEF8000300081E05D0FF2A04D98A2201201A60FF
:10AF08004042704701200A70FBE700000EB417B5F5
:10AF1800054C05AB04CB01002068019300F006F84E
:10AF28001EBC08BC03B0184730000020F0B5C1B003
:10AF38001C001D00069004910792002804D0436B62
:10AF4800002B01D1FCF7BEFA049B5B6EDB0707D42C
:10AF5800049B9B899B0503D4049B986DFCF7EAFB33
:10AF6800049B0C21595E80239B01194207D10B4396
:10AF7800049A0499526E8B819F4B13404B66049B35
:10AF880001225B6E990407D5134217D001235B4257
:10AF98000893089841B0F0BD049B9B891B0703D513
:10AFA800049B1B69002B12D10499069800F064FEDB
:10AFB80000280CD0049B5B6EDB07E7D4049B9B89BD
:10AFC8009B05E3D4049B986DFCF7B5FBDEE7049B77
:10AFD8000C229B5E1A221A400A2A16D1049A0E21C4
:10AFE800525E002A11DB049A526ED20705D49B05E3
:10AFF80003D4049B986DFCF79EFB2300079A0499E1
:10B00800069800F08BFC0890C3E7002317AE14964F
:10B018001693159303960C930D930E930F93089321
:10B02800079C2378002B02D0252B00D087E0079BB4
:10B03800E71A9C4210D0039A1360169B5760DB19DD
:10B048001693159B01331593072B7ADC13000833ED
:10B058000393089BDB1908932378002B01D100F098
:10B0680017FC002212A9CA700121631C140049426E
:10B07800059109925A1C1B780792180020385A2803
:10B0880000D962E3F5F74AF8A00061036103A9005B
:10B09800610361036103850061036103AB00B300D1
:10B0A8006103B100BE006103E000E200E200E200DB
:10B0B800E200E200E200E200E200E2006103610374
:10B0C80061036103610361036103610361030A01B1
:10B0D800EE016103610361036103610361036103BD
:10B0E80061036103610345026103610361037E0239
:10B0F8006103980261036103C6026103610361038E
:10B1080061036103610361036103610361030A0170
:10B11800F001610361036103F300F00106016103BB
:10B12800FF0061032A0247027202060161037E02E0
:10B13800A7009A026103610367006103A700013455
:10B148006FE70499069814AA00F02CFC002800D098
:10B1580079E317AB7CE7294A20000C9220221040A3
:10B16800144200D158E2193A0735954306CD0091AB
:10B178000192E20709D5009A01990A4305D013AA5A
:10B1880030215370022311701C431D4B1C400223B5
:10B19800CFE10698FEF7B0F9436818000F93F4F76B
:10B1A800ABFF0E900698FEF7A7F983680D930E9BE8
:10B1B800002B10D00D9B002B0DD01B78002B0AD034
:10B1C8008023DB001C4306E012ABDA780333002A45
:10B1D80001D120321A70079B4CE70123F2E708CD12
:10B1E8000993002BF7DA5B4209930423EAE72B2241
:10B1F80012ABDA70EFE7C046FFDFFFFFF0C30008CD
:10B20800FFFBFFFF079B5A1C1B782A2B0ED000213F
:10B218000A27180030380792092810D90591002903
:10B2280000DB2AE701225242059226E708CD059362
:10B23800002B02DA01235B4205930792CBE779439F
:10B24800137809180132E4E78023BBE70021079A45
:10B2580009910A310998303B48431B180993137820
:10B268000132180030380928F4D9079205E7079BFE
:10B278001B78682B05D1079B0133079380239B001C
:10B28800A0E740239EE7079B1B786C2B04D1079B04
:10B2980001330793202395E7102393E704CD27ABC9
:10B2A8001A70002212A9CA7001211E0005910B9282
:10B2B8000B9B059A0A93934200DA0A9212AB033366
:10B2C8001B785A1E93410A9AD3180A9302232340E3
:10B2D800109302231C4202D00A9B02330A93842350
:10B2E80022001A4011921C4221D1099B0A9A9F1AE6
:10B2F800002F1CDD169B03999C46CC48159B039A8E
:10B30800013308311060102F00DD2BE257606744CD
:10B31800169715930391072B09DD0499069814AA2B
:10B3280000F040FB002800D08DE217AB039312A970
:10B33800C878169A159B033100280DD0039801335D
:10B34800016001215218416016921593072B00DD08
:10B358001BE20300083303931099169A159B0029E2
:10B368000ED0039813A901600221013352184160DD
:10B3780016921593072B00DD10E2030008330393A0
:10B38800119B802B21D1099B0A9A9F1A002F1CDD43
:10B39800169B03999C46A648159B039A01330831CE
:10B3A8001060102F00DD02E257606744169715936E
:10B3B8000391072B09DD0499069814AA00F0F2FA04
:10B3C800002800D03FE217AB03930B9B059A9F1A06
:10B3D800002F1CDD169B03999C469548159B039AE4
:10B3E800013308311060102F00DDF3E15760674426
:10B3F800169715930391072B09DD0499069814AA4B
:10B4080000F0D0FA002800D01DE217AB0393039A8E
:10B41800059B16605360169B059A9B181693159BFF
:10B4280001331593072B00DDE7E1039E0836640717
:10B4380000D5EBE1099B0A9A934200DA1300089AB7
:10B44800D3180893169B002B07D00499069814AAC2
:10B4580000F0A8FA002800D0F5E10023159317ABF7
:10B468000393DDE510231C43A30628D507230735DE
:10B478009D430CCD00920193019A0123002A09DA19
:10B48800009E019F00227142BA41009101922D2134
:10B4980012AAD1700199009A0A430599002900DA85
:10B4A80004E2802127008F43002A00D002E2059A97
:10B4B800002A00D13FE1012B00D0FEE1D9E008CD00
:10B4C800E20603D50093DB170193D5E7620601D5A1
:10B4D8001BB2F7E7A205F5D55BB2F3E7A30606D5DD
:10B4E8002B68089A1A60D2175A60043598E5E30663
:10B4F80003D52B68089A1A60F7E7630603D52B680B
:10B50800089A1A80F1E7A405F3D52B68089A1A70EF
:10B51800EBE710231C432023200018401C420BD0CB
:10B52800193B07359D430CCD00920193414B1C40BC
:10B538000023002112AAACE71022210008CD1140F7
:10B54800144202D000930190F0E7402220001040FE
:10B55800144203D09BB200930191E7E780222100B7
:10B56800920011401442F6D0DBB2EBE708CD324925
:10B578000093002313AA1180304A019302331C431D
:10B588000C92D6E7002708CD1E0012ABDF70059B92
:10B59800BB420CDB1A0039003000FDF7E2FF0B90CC
:10B5A800B84200D184E6831B05930B9780E63000F0
:10B5B800F4F7A2FD0590F8E710231C432023200090
:10B5C80018401C4207D0193B07359D430CCD00920B
:10B5D80001930123ADE71023210004CD19401C423B
:10B5E80003D0009201900F3BA3E7402320001840AE
:10B5F8001C4203D093B200930191EAE78023210013
:10B608009B0019401C4203D0D3B200930190E0E79D
:10B618000092F1E70A4A9FE51021270004CD0F4068
:10B628000C420FD000920190A3E5C04659C700080C
:10B6380049C70008FFFBFFFF30780000F0C300088F
:10B6480001C400084021200008400C4203D092B2F7
:10B65800009201978DE58021270089000F400C4258
:10B66800F6D0D2B2DEE7019B002B0BD1009B092B51
:10B6780008D8009B3033DBB2B72212A95218160043
:10B68800137041E140AB1E0080230024DB003B40E7
:10B698000A930A22009801990023F4F7FDFE33006B
:10B6A8003032013B1E001A700A9B0B901091013436
:10B6B800002B20D00D9B1B78A3421CD1FF2C1AD045
:10B6C800019B002B03D1009B092B00D81CE10E9A8B
:10B6D8000F99B31A18001E00FDF7FAFE0D9B0024FF
:10B6E8005B785A1E93410D9AD3180D930B9B0093C8
:10B6F800109B0193CDE7019B002BF7D1009B092BF1
:10B70800F4D801E140AB1E000F203300013B1E00BE
:10B71800009B0C9A0340D35C3370019B1907009B74
:10B728001A09019B11431B0901930B00019A00910F
:10B738001343EAD1E8E040AA1600002B00D0E3E06A
:10B74800E40700D4E0E0303396E7002B00D19FE017
:10B7580027AA1370002312A9CB70012116000591A6
:10B768000B93A5E5102050606246121816921593A7
:10B77800072B07DD0499069814AA00F013F900288E
:10B7880061D117A9103F0391B4E50499069814AA4A
:10B7980000F008F9002856D117ABDCE504990698A3
:10B7A80014AA00F0FFF800284DD117ABE7E51020E8
:10B7B80050606246121816921593072B07DD0499FC
:10B7C800069814AA00F0EEF800283CD117A9103FFB
:10B7D8000391DDE510205060624612181692159309
:10B7E800072B07DD0499069814AA00F0DBF8002857
:10B7F80029D117A9103F0391ECE50499069814AADA
:10B8080000F0D0F800281ED117AE10E6099B0A9A5E
:10B8180010279C1A002C00DC0CE615993E4A169B52
:10B8280001313260102C22DC7460E41816941591F2
:10B83800072900DCFEE50499069814AA00F0B2F87E
:10B84800002800D1F6E5049B5B6EDB0707D4049B58
:10B858009B899B0503D4049B986DFBF76CFF049BA5
:10B868009B895B0601D4FFF794FBFFF78FFB10332E
:10B878007760169315910836072907DD049906980D
:10B8880014AA00F08FF80028DDD117AE103CC4E7E9
:10B89800169B002B02D100231593D4E70499069830
:10B8A80014AA00F07FF80028F5D0CCE72700002A7A
:10B8B80000D100E6012B00D1D5E6022B00D121E70B
:10B8C80040AB1E0007239C463300013B32001E009C
:10B8D800634600990B40019930334C070099337047
:10B8E800C80801990443C9080191210001980094EE
:10B8F8000143E9D1F90707D5302B05D033003021B2
:10B90800013B1970931E1E00059B3C000B9340AB36
:10B918009B1B0593CCE4C04659C70008F0B5150039
:10B9280002221E4C1F008B89A54493436A469381CB
:10B938004B6E06001993CB8916A8D381CB690C00EE
:10B9480007934B6A09931AAB009304938023DB0097
:10B958000293059300230693FBF7EAFE2A003B00B7
:10B9680069463000FFF7E2FA051E07DB694630003A
:10B97800FDF788FD002801D001256D426B469A89A4
:10B9880040231A4202D0A2891343A3811698FBF7D9
:10B99800D0FE2800024B9D44F0BDC04694FBFFFF3B
:10B9A8006C040000002310B5140092689A4205D078
:10B9B800220000F007F800220300A260002218000D
:10B9C800626010BDF0B5936887B00C0002900492D5
:10B9D800002B02D1002007B0F0BD8B891B0756D57C
:10B9E8000B69002B53D0049B1B6801930C22A35EA8
:10B9F80002221E00164013426FD1012201211A4073
:10BA08000B4200D1A2E0300037000396002F00D18E
:10BA18000AE100280AD13A000A210398FDF7A1FD9E
:10BA28007E1C002802D0039B0130C61A0596BE4230
:10BA380000D9059720682269A5686369904200D8F3
:10BA4800FBE0059AED18AA4200DCF6E003992A000B
:10BA5800FFF70AF8236821005B1902982360FDF7B5
:10BA680011FD00286DD10120761B05D12100029817
:10BA7800FDF708FD002864D1039B049A5B19039322
:10BA8800049B7F1B9B685B1B9360BFD1A2E72100CF
:10BA9800029800F0F1F80028A5D0012040429AE76A
:10BAA800019B1E685D6808330193676AE169002D90
:10BAB800F6D06E4A2B00954200D913003200029846
:10BAC800B84700283DDD049B049A9B6836181B1A6A
:10BAD8002D1A9360002BE8D17CE700263500E4E7B7
:10BAE800019B1B680393019B5D68083301930C223B
:10BAF800A35E2068A668002DF2D08022920013422F
:10BB080062D0AE4237D89022D200134233D0216996
:10BB1800421A0320059262694243D70FBF18059A5B
:10BB28007F1001325219BA4200D917005B053CD583
:10BB380039000298FBF71CFF061E0AD10C23029A53
:10BB480013604023A2891343A381A6E7150003923B
:10BB5800CDE7059A2169FEF799FFA289444B1A405F
:10BB680080231343A381059B2661F61826602E00C7
:10BB78006761FF1AA7602F00AE4200D92E0032007D
:10BB880003992068FEF770FFA3689B1BA3602368D6
:10BB98009B192360039B049ADB190393049BED1BF9
:10BBA8009B68DB1B9360A2D114E73A000298FEF76A
:10BBB800F5FF061ED7D121690298FBF727FE8022E0
:10BBC800A3899343A381B9E72369834202D36769B1
:10BBD800AF4216D9AE4200D92E0032000399FEF7C3
:10BBE80043FFA36822689B1B92193700A360226059
:10BBF800002BCFD121000298FDF744FC0028C9D0C2
:10BC08009FE7802328001B069D4200D3194839006E
:10BC1800F4F718FB3B00666A4343039AE16902980C
:10BC2800B047071EB6DC8CE7019B00201B68039316
:10BC3800019B5F6808330193E8E6059A934208DCA4
:10BC4800656A039AE1690298A847051E00DD0AE7BC
:10BC580077E7059A0399FEF707FF059AA368150089
:10BC68009B1AA36023689B182360FCE600FCFF7FF7
:10BC78007FFBFFFFFFFFFF7F2D4B70B505001868A6
:10BC88000C00002804D0436B002B01D1FBF71AFCF1
:10BC98000C22A35E1A0723D4DA0607D409222A60E5
:10BCA800402201201343A38140423AE05B0713D5A9
:10BCB800216B002908D023004033994202D0280084
:10BCC800FBF7A4FD002323632422A3899343A381C4
:10BCD80000236360236923600823A2891343A38197
:10BCE8002369002B0BD1A0218022A389890092000F
:10BCF8000B40934203D02100280000F051F80C2299
:10BD0800A35E01211A000A400B420BD00022A26058
:10BD180062695242A26100202269824201D11A0658
:10BD2800BED470BD990700D46269A260F3E7C0462B
:10BD380030000020062010B500F09EF80120F7F72B
:10BD480027FC000070B50E001D000E23C95E14000C
:10BD580096B0002909DAB2898023110019401A42E5
:10BD680018D18023DB00080010E06A4600F08EF846
:10BD78000028F0DBF02301991B021940074B8020B3
:10BD8800C9184B42594180230001DB002960236018
:10BD980016B070BD00214023E5E7C04600E0FFFF74
:10BDA800F0B502268B8905000C0085B0334207D018
:10BDB80023004333236023610123636105B0F0BD91
:10BDC80003AB02AAFFF7BEFF029F019039002800CB
:10BDD800FBF7CEFD002808D10C22A35E9A05EDD40E
:10BDE800032293431E43A681E2E78023A2892060B1
:10BDF8001343A381039B20616761002B0CD02800AB
:10BE08000E23E15E00F054F8002805D00323A28930
:10BE18009A43023B1343A381A389019A1343A38145
:10BE2800CCE770B504000D001F2904D91623036060
:10BE38000120404270BD0300FC33DB6B002B04D0B3
:10BE48008A009B181A68002A08D1200000F054F8CC
:10BE58002A000100200000F03DF8EBE7012A09D094
:10BE6800511C03D1162303600120E3E700212800B9
:10BE7800196090470020DDE710B5034B01001868F2
:10BE8800FFF7CFFF10BDC04630000020002370B57B
:10BE9800064D0400080011002B60F7F7C9FB431C8E
:10BEA80003D12B68002B00D0236070BDC80B002085
:10BEB800002370B5064D040008002B60F7F7C6FB99
:10BEC800431C03D12B68002B00D0236070BDC046F3
:10BED800C80B0020002370B5064D040008001100AF
:10BEE8002B60F7F745FB431C03D12B68002B00D0D0
:10BEF800236070BDC80B002010B5F7F733FB10BDE9
:10BF0800F8B5C046F8BC08BC9E467047F8B5C046B0
:08BF1800F8BC08BC9E4670470E
:10BF200053656E64696E6720636F6D6D616E64202A
:10BF300038200D0A0000000053656E64696E6720AA
:10BF4000636F6D6D616E64203535200D0A00000051
:10BF500053656E64696E6720636F6D6D616E6420FA
:10BF60003539200D0A00000053656E64696E672044
:10BF7000636F6D6D616E64203538200D0A0000001E
:10BF80004946205745204152452048455245202DDD
:10BF900020544845204341524420495320494E49AA
:10BFA0005449414C495A4544200D0A005265616488
:10BFB000696E672074686520666972737420314DFC
:10BFC0006279746573203235304B687A0D0A00004F
:10BFD00052656164696E6720746865206669727372
:10BFE0007420314D62797465732033324D687A0D57
:10BFF0000A000000435320686967680D0A000000CA
:10C000007761697465642038302B20636C6F636BD3
:10C01000730D0A007472616E736D697474656420C7
:10C02000434D44300D0A0000534420496E6974208A
:10C03000537563636573730D0A00000040000000D0
:10C0400000950000537461747573383A2030782578
:10C050003032580D0A000000434D443136207265DD
:10C0600073703A203078253032580D0A00000000F5
:10C07000434D44313720726573703A203078253053
:10C0800032580D0A00000000434D443137206661EC
:10C09000696C65640D0A00004E6F20646174612054
:10C0A000746F6B656E0D0A00446174612073746176
:10C0B00072740D0A000000003531326B62796573CD
:10C0C000207265616420696E202566207365636F48
:10C0D0006E64730D0A000000537461747573313A15
:10C0E000203078253032580D0A00000053746174F6
:10C0F000757331333A203078253032580D0A0000FC
:10C1000053746174757335383A203078253032585D
:10C110000D0A000053746174757335393A20307814
:10C12000253032580D0A0000434D44313820466115
:10C13000696C65640D0A00000D0A2D2D2D205265D5
:10C14000616420436F6D706C657465202D2D2D0D1D
:10C150000A54696D653A20252E3366207365630D98
:10C160000A4572726F72733A20256C750D0A53700E
:10C170006565643A20252E3266204B422F730D0AE6
:10C18000000000005000000000010000510000000D
:10C190000001000077000000006500006940000019
:10C1A000007700005200000000FF00004C0000007B
:10C1B000006100000E0800083A0700082407000884
:10C1C000A007000824070008D40700082407000877
:10C1D000A00700083A0700083A070008D40700083B
:10C1E000A007000810070008100700081007000843
:10C1F000DE0700083A0700083A070008240700088D
:10C200007A08000824070008D4070008240700085B
:10C210007A0800083A0700083A070008D40700081F
:10C220007A08000810070008100700081007000827
:10C23000B8170008761600085416000840160008C3
:10C24000541600085A170008541600084016000833
:10C2500076160008761600085A17000840160008DF
:10C260003816000838160008381600087C17000831
:10C2700000000000000000000000000000000000BE
:10C2800000000000000000000000000000000000AE
:10C290000100000002000000030000000400000094
:10C2A0000600000007000000080000000900000070
:10C2B000000000000000000000000000000000007E
:10C2C0000100000002000000030000000400000064
:10C2D00048000001AA87000086420008B63B00081B
:10C2E000864200088642000886420008864200080E
:10C2F0008642000886420008B638000886420008D8
:10C30000864200088642000886420008AE3C0008CB
:10C310008642000886420008563900088642000816
:10C32000164000088642000886420008864200083F
:10C3300086420008864200088642000886420008BD
:10C3400086420008864200088642000886420008AD
:10C35000864200088642000886420008864200089D
:10C36000864200088642000886420008864200088D
:10C37000864200088642000886420008864200087D
:10C38000864200088642000886420008864200086D
:10C39000864200088642000886420008864200085D
:10C3A000864200088642000886420008864200084D
:10C3B00086420008B23E0008864200088642000815
:10C3C0005A3D0008063E0008010002000400060075
:10C3D00008000A000C00100020004000800000014E
:10C3E000494E4600696E66004E414E006E616E0019
:10C3F00030313233343536373839616263646566DB
:10C4000000303132333435363738394142434445D0
:10C4100046003000496E66696E697479004E614E5F
:10C420000042616C6C6F632073756363656564655E
:10C4300064002F6275696C642F676E752D746F6F61
:10C440006C732D666F722D73746D33325F31332EC2
:10C45000332E72656C312E32303235303532332D19
:10C46000303930302F7372632F6E65776C69622FAD
:10C470006E65776C69622F6C6962632F7374646C8C
:10C4800069622F64746F612E63002F6275696C643A
:10C490002F676E752D746F6F6C732D666F722D73B1
:10C4A000746D33325F31332E332E72656C312E3220
:10C4B000303235303532332D303930302F737263AE
:10C4C0002F6E65776C69622F6E65776C69622F6C71
:10C4D0006962632F7374646C69622F6D7072656337
:10C4E0002E63004300504F534958002E002C206605
:10C4F000756E6374696F6E3A200061737365727450
:10C50000696F6E2022257322206661696C65643A2A
:10C510002066696C6520222573222C206C696E656B
:10C52000202564257325730A0030303030303030D8
:10C53000303030303030303030202020202020206B
:10C5400020202020202020202000000005000000C6
:10C55000190000007D0000000080E03779C34143EE
:10C56000176E05B5B5B89346F5F93FE9034F384D59
:10C57000321D30F94877825A3CBF737FDD4F157505
:10C58000000000000000F03F000000000000244018
:10C5900000000000000059400000000000408F40F3
:10C5A000000000000088C34000000000006AF8405E
:10C5B0000000000080842E4100000000D012634182
:10C5C0000000000084D797410000000065CDCD41F8
:10C5D000000000205FA00242000000E876483742D9
:10C5E000000000A2941A6D42000040E59C30A24277
:10C5F0000000901EC4BCD64200003426F56B0C43EC
:10C600000080E03779C3414300A0D8855734764392
:10C6100000C84E676DC1AB43003D9160E458E143F3
:10C62000408CB5781DAF154450EFE2D6E41A4B4468
:10C6300092D54D06CFF08044F64AE1C7022DB544AD
:10C64000B49DD9794378EA4400202020202020207E
:10C6500020202828282828202020202020202020B2
:10C6600020202020202020202088101010101010C2
:10C67000101010101010101010040404040404040E
:10C6800004040410101010101010414141414141A8
:10C69000010101010101010101010101010101018A
:10C6A000010101011010101010104242424242429A
:10C6B000020202020202020202020202020202025A
:10C6C0000202020210101010200000000000000002
:10C6D000000000000000000000000000000000005A
:10C6E000000000000000000000000000000000004A
:10C6F000000000000000000000000000000000003A
:10C700000000000000000000000000000000000029
:10C710000000000000000000000000000000000019
:10C720000000000000000000000000000000000009
:10C7300000000000000000000000000000000000F9
:10C740000000000000000000003030303030303099
:10C750003030303030303030302020202020202049
:0CC76000202020202020202020000000AD
:08C76C00743DFF7F0100000095
:08C7740041770008E100000814
:04C77C00B9000008F8
:10C7800048656C6C6F2066726F6D2053544D333268
:10C79000210A0D000024F400FFFF00000400000047
:10C7A0000100000000000000030000008C0A0020CF
:10C7B0003800002000000000000000008C0A00206B
:10C7C000F40A00205C0B00200000000000000000C4
:10C7D0000000000000000000000000000000000059
:10C7E0000000000000000000000000000000000049
:10C7F0000000000000000000000000000000000039
:10C800000000000000000000000000000000000028
:10C810000000000000000000000000000000000018
:10C820000000000000000000000000000000000008
:10C8300000000000000000000000000000000000F8
:10C8400000000000000000000000000000000000E8
:10C8500001000000000000000E33CDAB34126DE685
:10C86000ECDE05000B0000000000000000000000EE
:10C8700000000000000000000000000000000000B8
:10C8800000000000000000000000000000000000A8
:10C890000000000000000000000000000000000098
:10C8A0000000000000000000000000000000000088
:10C8B0000000000000000000000000000000000078
:10C8C0000000000000000000000000000000000068
:10C8D0000000000000000000000000000000000058
:10C8E0000000000000000000000000000000000048
:10C8F0000000000000000000CD0B0020FFFFFFFF44
:10C900000000020000000000000000008401002080
:10C91000840100208C0100208C0100209401002063
:10C92000940100209C0100209C010020A401002013
:10C93000A4010020AC010020AC010020B4010020C3
:10C94000B4010020BC010020BC010020C401002073
:10C95000C4010020CC010020CC010020D401002023
:10C96000D4010020DC010020DC010020E4010020D3
:10C97000E4010020EC010020EC010020F401002083
:10C98000F4010020FC010020FC0100200402002032
:10C99000040200200C0200200C02002014020020DF
:10C9A000140200201C0200201C020020240200208F
:10C9B000240200202C0200202C020020340200203F
:10C9C000340200203C0200203C02002044020020EF
:10C9D000440200204C0200204C020020540200209F
:10C9E000540200205C0200205C020020640200204F
:10C9F000640200206C0200206C02002074020020FF
:10CA0000740200207C0200207C02002084020020AE
:10CA1000840200208C0200208C020020940200205E
:10CA2000940200209C0200209C020020A40200200E
:10CA3000A4020020AC020020AC020020B4020020BE
:10CA4000B4020020BC020020BC020020C40200206E
:10CA5000C4020020CC020020CC020020D40200201E
:10CA6000D4020020DC020020DC020020E4020020CE
:10CA7000E4020020EC020020EC020020F40200207E
:10CA8000F4020020FC020020FC020020040300202D
:10CA9000040300200C0300200C03002014030020DA
:10CAA000140300201C0300201C030020240300208A
:10CAB000240300202C0300202C030020340300203A
:10CAC000340300203C0300203C03002044030020EA
:10CAD000440300204C0300204C030020540300209A
:10CAE000540300205C0300205C030020640300204A
:10CAF000640300206C0300206C03002074030020FA
:10CB0000740300207C0300207C03002084030020A9
:10CB1000840300208C0300208C0300209403002059
:10CB2000940300209C0300209C030020A403002009
:10CB3000A4030020AC030020AC030020B4030020B9
:10CB4000B4030020BC030020BC030020C403002069
:10CB5000C4030020CC030020CC030020D403002019
:10CB6000D4030020DC030020DC030020E4030020C9
:10CB7000E4030020EC030020EC030020F403002079
:10CB8000F4030020FC030020FC0300200404002028
:10CB9000040400200C0400200C04002014040020D5
:10CBA000140400201C0400201C0400202404002085
:10CBB000240400202C0400202C0400203404002035
:10CBC000340400203C0400203C04002044040020E5
:10CBD000440400204C0400204C0400205404002095
:10CBE000540400205C0400205C0400206404002045
:10CBF000640400206C0400206C04002074040020F5
:10CC0000740400207C0400207C04002084040020A4
:10CC1000840400208C0400208C0400209404002054
:10CC2000940400209C0400209C040020A404002004
:10CC3000A4040020AC040020AC040020B4040020B4
:10CC4000B4040020BC040020BC040020C404002064
:10CC5000C4040020CC040020CC040020D404002014
:10CC6000D4040020DC040020DC040020E4040020C4
:10CC7000E4040020EC040020EC040020F404002074
:10CC8000F4040020FC040020FC0400200405002023
:10CC9000040500200C0500200C05002014050020D0
:10CCA000140500201C0500201C0500202405002080
:10CCB000240500202C0500202C0500203405002030
:10CCC000340500203C0500203C05002044050020E0
:10CCD000440500204C0500204C0500205405002090
:10CCE000540500205C0500205C0500206405002040
:10CCF000640500206C0500206C05002074050020F0
:10CD0000740500207C0500207C0500204300000005
:10CD10000000000000000000000000000000000013
:10CD200000000000000000000000000043000000C0
:10CD300000000000000000000000000000000000F3
:10CD400000000000000000000000000043000000A0
:10CD500000000000000000000000000000000000D3
:10CD60000000000000000000000000004300000080
:10CD700000000000000000000000000000000000B3
:10CD80000000000000000000000000004300000060
:10CD90000000000000000000000000000000000093
:10CDA0000000000000000000000000004300000040
:10CDB0000000000000000000000000000000000073
:10CDC0000000000000000000000000004300000020
:10CDD0000000000000000000000000000000000053
:10CDE000000000000000000000000000F9AE000894
:10CDF00081AB00080000000048C60008EBC4000832
:10CE000028C5000828C5000828C5000828C500084E
:10CE100028C5000828C5000828C5000828C500083E
:10CE200028C50008FFFFFFFFFFFFFFFFFFFFFFFF19
:10CE3000FFFF00000100415343494900000000008A
:10CE400000000000000000000000000000000000E2
:10CE50000000000000004153434949000000000069
:10CE600000000000000000000000000000000000C2
:08CE70000000000000000000BA
:04000005080036F5C4
:00000001FF
